,TIME,POSICAO,NOME,PONTUACAO,RODADA,G,A,FT,SG,DP,DE,DS,GC,CV,CA,GS,FC,PC,FD,FF,FS,PP,I,PI,PS,ADVERSARIO,CASA,FORA
0,Atlético-MG,Meia,Zaracho,0.1,1,0,0,0,0,0,0,1,0,0,1,0,3,0,0,1,0,0,0,0,0,Vasco,1,0
1,Botafogo,Zagueiro,Luis Segovia,0.0,1,0,0,0,0,0,0,0,0,0,0,0,0,0,0,0,0,0,0,0,0,São Paulo,1,0
2,Corinthians,Atacante,Yuri Alberto,3.2,1,0,0,0,0,0,0,1,0,0,0,0,3,0,1,2,1,0,4,0,0,Cruzeiro,1,0
3,Coritiba,Meia,Liziero,2.4,1,0,0,0,0,0,0,2,0,0,0,0,0,0,0,0,0,0,0,0,0,Flamengo,0,1
4,Botafogo,Atacante,Júnior Santos,1.0,1,0,0,0,0,0,0,0,0,0,0,0,1,0,0,1,1,0,0,0,0,São Paulo,1,0
5,Goiás,Meia,Diego,3.2,1,0,0,0,0,0,0,1,0,0,0,0,2,0,0,2,2,0,0,0,0,Athlético-PR,0,1
6,Bahia,Atacante,Vitor Jacaré,10.4,1,0,0,0,0,0,0,6,0,0,1,0,2,0,1,2,4,0,0,0,0,Bragantino,0,1
7,Coritiba,Atacante,Alef Manga,1.3,1,0,0,0,0,0,0,1,0,0,0,0,3,0,0,0,2,0,0,0,0,Flamengo,0,1
8,Bahia,Atacante,Ademir,2.8,1,0,0,0,0,0,0,0,0,0,0,0,1,0,1,0,4,0,1,0,0,Bragantino,0,1
9,Fluminense,Lateral,Guga,7.2,1,0,0,0,1,0,0,1,0,0,0,0,0,0,0,0,2,0,0,0,0,América-MG,0,1
10,Vasco,Zagueiro,Robson Bambu,0.9,1,0,0,0,0,0,0,1,0,0,1,0,1,0,0,0,2,0,0,0,0,Atlético-MG,0,1
11,Athlético-PR,Meia,Hugo Moura,4.3,1,0,0,0,0,0,0,3,0,0,0,0,1,0,0,0,2,0,0,0,0,Goiás,1,0
12,Goiás,Atacante,Philippe Costa,0.0,1,0,0,0,0,0,0,0,0,0,0,0,0,0,0,0,0,0,0,0,0,Athlético-PR,0,1
13,Santos,Lateral,Felipe Jonatan,2.4,1,0,0,0,0,0,0,2,0,0,0,0,0,0,0,0,0,0,0,0,0,Grêmio,0,1
14,Bragantino,Atacante,Alerrandro,0.2,1,0,0,0,0,0,0,0,0,0,0,0,1,0,0,0,1,0,0,0,0,Bahia,1,0
15,Goiás,Meia,Matheusinho,0.0,1,0,0,0,0,0,0,0,0,0,0,0,0,0,0,0,0,0,0,0,0,Athlético-PR,0,1
16,Fortaleza,Zagueiro,Brítez,5.4,1,0,1,0,0,0,0,0,0,0,1,0,3,0,0,1,3,0,0,0,0,Internacional,1,0
17,São Paulo,Lateral,Caio Paulista,3.9,1,0,0,0,0,0,0,0,0,0,0,0,1,0,2,1,2,0,0,0,0,Botafogo,0,1
18,Bragantino,Atacante,Helinho,0.0,1,0,0,0,0,0,0,0,0,0,0,0,0,0,0,0,0,0,0,0,0,Bahia,1,0
19,Goiás,Meia,Zé Ricardo,0.8,1,0,0,0,0,0,0,1,0,0,0,0,3,0,0,0,1,0,0,0,0,Athlético-PR,0,1
20,Bragantino,Atacante,Laquintana,3.4,1,0,0,0,0,0,0,1,0,0,0,0,2,0,2,0,1,0,1,0,0,Bahia,1,0
21,Cuiabá,Lateral,Matheus Alexandre,1.2,1,0,0,0,0,0,0,0,0,0,0,0,0,0,1,0,0,0,0,0,0,Palmeiras,0,1
22,América-MG,Meia,Emmanuel Martínez,0.5,1,0,0,0,0,0,0,1,0,0,0,0,4,0,0,0,1,0,0,0,0,Fluminense,1,0
23,Cruzeiro,Atacante,Rafael Bilu,0.0,1,0,0,0,0,0,0,0,0,0,0,0,0,0,0,0,0,0,0,0,0,Corinthians,0,1
24,São Paulo,Atacante,Marcos Paulo,3.4,1,0,0,0,0,0,0,1,0,0,0,0,0,0,1,0,2,0,0,0,0,Botafogo,0,1
25,Bragantino,Meia,Jadsom Silva,-0.4,1,0,0,0,0,0,0,0,0,0,1,0,2,0,0,1,1,0,1,0,0,Bahia,1,0
26,Corinthians,Zagueiro,Bruno Méndez,-0.6,1,0,0,0,0,0,0,0,0,0,0,0,2,0,0,0,0,0,0,0,0,Cruzeiro,1,0
27,Palmeiras,Meia,Gabriel Menino,1.3,1,0,0,0,0,0,0,0,0,0,0,0,0,0,0,1,1,0,0,0,0,Cuiabá,1,0
28,Internacional,Zagueiro,Igor Gomes,2.9,1,0,0,0,0,0,0,1,0,0,0,0,0,0,1,0,1,0,0,0,0,Fortaleza,0,1
29,Fluminense,Zagueiro,Vitor Mendes,4.9,1,0,0,0,1,0,0,0,0,0,1,0,1,0,1,0,0,0,0,0,0,América-MG,0,1
30,Athlético-PR,Atacante,Reinaldo,1.7,1,0,0,0,0,0,0,1,0,0,0,0,1,0,0,1,0,0,0,0,0,Goiás,1,0
31,Athlético-PR,Meia,Christian,9.7,1,1,0,0,0,0,0,2,0,0,0,0,4,0,0,0,1,0,0,0,0,Goiás,1,0
32,Grêmio,Meia,Darlan,0.2,1,0,0,0,0,0,0,1,0,0,1,0,0,0,0,0,0,0,0,0,0,Santos,1,0
33,Fortaleza,Atacante,Moisés,10.4,1,1,0,0,0,0,0,1,0,0,0,0,0,0,1,0,0,0,0,0,0,Internacional,1,0
34,Fortaleza,Técnico,Juan Vojvoda,4.24,1,0,0,0,0,0,0,0,0,0,0,0,0,0,0,0,0,0,0,0,0,Internacional,1,0
35,Bahia,Meia,Acevedo,0.5,1,0,0,0,0,0,0,0,0,0,0,0,0,0,0,0,1,0,0,0,0,Bragantino,0,1
36,Botafogo,Atacante,Luis Henrique,3.2,1,0,0,0,0,0,0,2,0,0,0,0,0,0,0,1,0,0,0,0,0,São Paulo,1,0
37,Athlético-PR,Goleiro,Bento,7.0,1,0,0,0,1,0,2,0,0,0,0,0,0,0,0,0,0,0,0,0,0,Goiás,1,0
38,Bahia,Zagueiro,Gabriel Xavier,0.9,1,0,0,0,0,0,0,1,0,0,0,0,1,0,0,0,0,0,0,0,0,Bragantino,0,1
39,Corinthians,Lateral,Matheus Bidu,3.7,1,0,0,0,0,0,0,0,0,0,0,0,1,0,1,1,4,0,0,0,0,Cruzeiro,1,0
40,Fortaleza,Atacante,Lucero,2.6,1,0,0,0,0,0,0,2,0,0,0,0,1,0,0,0,1,0,0,0,0,Internacional,1,0
41,Vasco,Lateral,Lucas Piton,5.0,1,0,1,0,0,0,0,0,0,0,0,0,0,0,0,0,0,0,0,0,0,Atlético-MG,0,1
42,Corinthians,Meia,Roni,1.1,1,0,0,0,0,0,0,2,0,0,1,0,1,0,0,0,0,0,0,0,0,Cruzeiro,1,0
43,Palmeiras,Atacante,Rafael Navarro,0.6,1,0,0,0,0,0,0,0,0,0,0,0,4,0,1,1,0,0,2,0,0,Cuiabá,1,0
44,Cruzeiro,Atacante,Wesley,1.4,1,0,0,0,0,0,0,1,0,0,0,0,1,0,0,0,1,0,0,0,0,Corinthians,0,1
45,Corinthians,Meia,Matheus Araújo,10.9,1,1,0,0,0,0,0,2,0,0,0,0,0,0,0,0,1,0,0,0,0,Cruzeiro,1,0
46,Internacional,Meia,Rômulo,0.0,1,0,0,0,0,0,0,0,0,0,0,0,0,0,0,0,0,0,0,0,0,Fortaleza,0,1
47,Internacional,Meia,Johnny,4.1,1,0,0,0,0,0,0,2,0,0,0,0,0,0,1,0,1,0,0,0,0,Fortaleza,0,1
48,Bragantino,Goleiro,Lucão,2.0,1,0,0,0,0,0,4,0,0,0,1,1,0,0,0,0,0,0,0,0,0,Bahia,1,0
49,Vasco,Atacante,Gabriel Pec,16.9,1,1,1,0,0,0,0,2,0,0,1,0,0,0,1,1,1,0,0,0,0,Atlético-MG,0,1
50,Vasco,Meia,Figueiredo,0.0,1,0,0,0,0,0,0,0,0,0,0,0,0,0,0,0,0,0,0,0,0,Atlético-MG,0,1
51,Coritiba,Meia,Bruno Gomes,7.5,1,0,0,0,0,0,0,4,0,0,0,0,1,0,1,1,2,0,0,0,0,Flamengo,0,1
52,Bragantino,Zagueiro,Realpe,-0.6,1,0,0,0,0,0,0,0,0,0,0,0,2,0,0,0,0,0,0,0,0,Bahia,1,0
53,Fortaleza,Meia,Caio Alexandre,2.8,1,0,0,0,0,0,0,2,0,0,0,0,2,0,0,0,2,0,0,0,0,Internacional,1,0
54,Bragantino,Zagueiro,Eduardo Santos,1.1,1,0,0,0,0,0,0,1,0,0,0,0,2,0,0,0,1,0,0,0,0,Bahia,1,0
55,São Paulo,Meia,Rodrigo Nestor,6.1,1,0,0,0,0,0,0,3,0,0,0,0,1,0,1,2,0,0,0,0,0,Botafogo,0,1
56,Bragantino,Zagueiro,Natan,4.1,1,0,0,0,0,0,0,3,0,0,0,0,0,0,0,0,1,0,0,0,0,Bahia,1,0
57,Palmeiras,Meia,Richard Rios,3.2,1,0,0,0,0,0,0,2,0,0,0,0,0,0,0,1,0,0,0,0,0,Cuiabá,1,0
58,São Paulo,Meia,Michel Araújo,5.2,1,0,0,0,0,0,0,1,0,0,0,0,0,0,1,1,4,0,0,0,0,Botafogo,0,1
59,Athlético-PR,Atacante,Rômulo,0.9,1,0,0,0,0,0,0,1,0,0,0,0,1,0,0,0,0,0,0,0,0,Goiás,1,0
60,Palmeiras,Lateral,Vanderlan,7.0,1,0,1,0,0,0,0,2,0,0,0,0,3,0,0,0,1,0,0,0,0,Cuiabá,1,0
61,Fluminense,Meia,André,7.1,1,0,0,0,0,0,0,3,0,0,0,0,1,0,0,1,6,0,0,0,0,América-MG,0,1
62,Coritiba,Lateral,Natanael,3.1,1,0,0,0,0,0,0,2,0,0,0,0,1,0,0,0,2,0,0,0,0,Flamengo,0,1
63,Santos,Lateral,Nathan,8.4,1,0,0,0,0,0,0,7,0,0,0,0,0,0,0,0,0,0,0,0,0,Grêmio,0,1
64,Corinthians,Meia,Chrystian Barletta,3.3,1,0,0,0,0,0,0,3,0,0,0,0,1,0,0,0,0,0,0,0,0,Cruzeiro,1,0
65,Grêmio,Goleiro,Adriel,9.0,1,0,0,0,1,0,4,0,0,0,0,0,0,0,0,0,0,0,0,0,0,Santos,1,0
66,Bahia,Meia,Diego Rosa,0.0,1,0,0,0,0,0,0,0,0,0,0,0,0,0,0,0,0,0,0,0,0,Bragantino,0,1
67,Corinthians,Meia,Fausto Vera,6.6,1,0,1,0,0,0,0,1,0,0,1,0,2,0,1,1,0,0,0,0,0,Cruzeiro,1,0
68,Cuiabá,Atacante,Isidro Pitta,0.5,1,0,0,0,0,0,0,0,0,0,0,0,0,0,0,0,1,0,0,0,0,Palmeiras,0,1
69,Vasco,Meia,Galarza,0.0,1,0,0,0,0,0,0,0,0,0,0,0,0,0,0,0,0,0,0,0,0,Atlético-MG,0,1
70,Athlético-PR,Atacante,Thiago Andrade,2.4,1,0,0,0,0,0,0,2,0,0,0,0,0,0,0,0,0,0,0,0,0,Goiás,1,0
71,Fortaleza,Meia,Calebe,4.7,1,0,0,0,0,0,0,1,0,0,0,0,1,0,1,2,2,0,0,0,0,Internacional,1,0
72,Santos,Atacante,Marcos Leonardo,2.6,1,0,0,0,0,0,0,0,0,0,0,0,2,0,1,2,1,0,1,0,0,Grêmio,0,1
73,Vasco,Meia,Andrey Santos,11.8,1,1,0,0,0,0,0,4,0,0,1,0,0,0,0,0,0,0,0,0,0,Atlético-MG,0,1
74,Bahia,Lateral,Jhoanner Chávez,2.6,1,0,0,0,0,0,0,2,0,0,0,0,2,0,0,0,2,0,2,0,0,Bragantino,0,1
75,Botafogo,Meia,Matías Segovia,1.2,1,0,0,0,0,0,0,1,0,0,0,0,0,0,0,0,0,0,0,0,0,São Paulo,1,0
76,Santos,Atacante,Ângelo,1.0,1,0,0,0,0,0,0,0,0,0,0,0,1,0,0,1,1,0,0,0,0,Grêmio,0,1
77,Palmeiras,Técnico,Abel Ferreira,6.25,1,0,0,0,0,0,0,0,0,0,0,0,0,0,0,0,0,0,0,0,0,Cuiabá,1,0
78,Fluminense,Meia,Gabriel Pirani,5.6,1,0,0,0,0,0,0,2,0,0,0,0,0,0,1,0,4,0,0,0,0,América-MG,0,1
79,Atlético-MG,Lateral,Rubens,6.4,1,0,0,0,0,0,0,4,0,0,0,0,1,0,1,1,0,0,1,0,0,Vasco,1,0
80,Fluminense,Atacante,John Kennedy,12.9,1,1,0,0,0,0,0,1,0,0,1,0,2,0,2,0,4,0,1,0,1,América-MG,0,1
81,Bahia,Técnico,Renato Paiva,4.76,1,0,0,0,0,0,0,0,0,0,0,0,0,0,0,0,0,0,0,0,0,Bragantino,0,1
82,Athlético-PR,Lateral,Pedrinho,7.6,1,0,0,0,1,0,0,2,0,0,0,0,1,0,0,0,1,0,0,0,0,Goiás,1,0
83,Coritiba,Técnico,António Oliveira,3.34,1,0,0,0,0,0,0,0,0,0,0,0,0,0,0,0,0,0,0,0,0,Flamengo,0,1
84,Corinthians,Meia,Adson,-0.3,1,0,0,0,0,0,0,0,0,0,0,0,1,0,0,0,0,0,0,0,0,Cruzeiro,1,0
85,Palmeiras,Meia,Fabinho,0.8,1,0,0,0,0,0,0,0,0,0,0,0,0,0,0,1,0,0,0,0,0,Cuiabá,1,0
86,Vasco,Meia,Rodrigo,4.3,1,0,0,0,0,0,0,4,0,0,1,0,0,0,0,0,1,0,0,0,0,Atlético-MG,0,1
87,Vasco,Meia,Marlon Gomes,1.4,1,0,0,0,0,0,0,1,0,0,0,0,1,0,0,0,1,0,0,0,0,Atlético-MG,0,1
88,Bahia,Atacante,Arthur Sales,0.8,1,0,0,0,0,0,0,0,0,0,0,0,0,0,0,1,0,0,0,0,0,Bragantino,0,1
89,Grêmio,Lateral,Thomas Luciano,7.0,1,0,0,0,1,0,0,2,0,0,0,0,3,0,0,0,1,0,0,0,0,Santos,1,0
90,Bahia,Atacante,Kayky,0.0,1,0,0,0,0,0,0,0,0,0,0,0,0,0,0,0,0,0,0,0,0,Bragantino,0,1
91,Cuiabá,Lateral,Mateusinho,-0.8,1,0,0,0,0,0,0,0,0,0,1,0,1,0,0,0,1,0,0,0,0,Palmeiras,0,1
92,Cuiabá,Atacante,Quagliata,3.0,1,0,0,0,0,0,0,1,0,0,0,0,1,0,0,2,1,0,0,0,0,Palmeiras,0,1
93,Grêmio,Meia,Bitello,8.4,1,0,0,0,0,0,0,5,0,0,0,0,2,0,1,1,2,0,0,0,0,Santos,1,0
94,Vasco,Lateral,Paulo Victor,-0.3,1,0,0,0,0,0,0,0,0,0,0,0,1,0,0,0,0,0,0,0,0,Atlético-MG,0,1
95,Cuiabá,Atacante,Emerson Negueba,4.2,1,0,0,0,0,0,0,1,0,0,0,0,0,0,1,1,2,0,0,0,0,Palmeiras,0,1
96,Santos,Meia,Lucas Barbosa,5.7,1,0,0,0,0,0,0,4,0,0,0,0,1,0,1,0,0,0,0,0,0,Grêmio,0,1
97,Palmeiras,Atacante,José López,9.7,1,1,0,0,0,0,0,1,0,0,1,0,3,0,2,0,0,0,0,0,0,Cuiabá,1,0
98,São Paulo,Meia,Pablo Maia,1.2,1,0,0,0,0,0,0,1,0,0,0,0,0,0,0,0,0,0,0,0,0,Botafogo,0,1
99,Corinthians,Técnico,Fernando Lázaro,5.72,1,0,0,0,0,0,0,0,0,0,0,0,0,0,0,0,0,0,0,0,0,Cruzeiro,1,0
100,Bragantino,Meia,Bruninho,12.9,1,1,0,0,0,0,0,2,0,0,0,0,0,0,1,1,1,0,0,0,0,Bahia,1,0
101,Corinthians,Meia,Du Queiroz,-0.3,1,0,0,0,0,0,0,0,0,0,0,0,1,0,0,0,0,0,0,0,0,Cruzeiro,1,0
102,Athlético-PR,Atacante,Vitor Roque,2.0,1,0,0,0,0,0,0,0,0,0,0,0,1,0,0,1,3,0,0,0,0,Goiás,1,0
103,Santos,Meia,Miguelito,0.5,1,0,0,0,0,0,0,0,0,0,0,0,0,0,0,0,1,0,0,0,0,Grêmio,0,1
104,Flamengo,Meia,Matheus França,5.1,1,0,0,1,0,0,0,0,0,0,0,0,1,0,0,3,0,0,0,0,0,Coritiba,1,0
105,Flamengo,Lateral,Wesley,5.9,1,0,0,0,1,0,0,0,0,0,0,0,2,0,0,0,3,0,0,0,0,Coritiba,1,0
106,Palmeiras,Meia,Jhon Jhon,-1.0,1,0,0,0,0,0,0,0,0,0,1,0,0,0,0,0,0,0,0,0,0,Cuiabá,1,0
107,Fluminense,Atacante,Lelê,14.2,1,1,1,0,0,0,0,1,0,0,0,0,0,0,0,0,0,0,0,0,0,América-MG,0,1
108,Palmeiras,Atacante,Endrick,7.5,1,1,0,0,0,0,0,0,0,0,0,0,6,0,0,1,1,0,0,0,0,Cuiabá,1,0
109,América-MG,Atacante,Adyson,0.9,1,0,0,0,0,0,0,1,0,0,0,0,1,0,0,0,0,0,0,0,0,Fluminense,1,0
110,Flamengo,Meia,Igor Jesus,1.9,1,0,0,0,0,0,0,1,0,0,0,0,1,0,0,0,2,0,0,0,0,Coritiba,1,0
111,Flamengo,Meia,Victor Hugo,5.5,1,0,1,0,0,0,0,0,0,0,0,0,0,0,0,0,1,0,0,0,0,Coritiba,1,0
112,Fortaleza,Meia,Hércules,1.7,1,0,0,0,0,0,0,0,0,0,0,0,1,0,1,1,0,0,0,0,0,Internacional,1,0
113,Coritiba,Lateral,Jamerson,6.0,1,0,0,0,0,0,0,5,0,0,0,0,0,0,0,0,0,0,0,0,0,Flamengo,0,1
114,Santos,Meia,Daniel Ruiz,0.5,1,0,0,0,0,0,0,0,0,0,0,0,0,0,0,0,1,0,0,0,0,Grêmio,0,1
115,Bragantino,Técnico,Pedro Caixinha,6.65,1,0,0,0,0,0,0,0,0,0,0,0,0,0,0,0,0,0,0,0,0,Bahia,1,0
116,Flamengo,Técnico,Mario Jorge,9.52,1,0,0,0,0,0,0,0,0,0,0,0,0,0,0,0,0,0,0,0,0,Coritiba,1,0
117,Fluminense,Lateral,Alexsander,5.5,1,0,0,0,1,0,0,0,0,0,0,0,0,0,0,0,1,0,0,0,0,América-MG,0,1
118,Coritiba,Atacante,Kaio César,1.5,1,0,0,0,0,0,0,1,0,0,0,0,2,0,0,0,2,0,1,0,0,Flamengo,0,1
119,Cuiabá,Técnico,Ivo Vieira,4.23,1,0,0,0,0,0,0,0,0,0,0,0,0,0,0,0,0,0,0,0,0,Palmeiras,0,1
120,Grêmio,Atacante,André,-0.3,1,0,0,0,0,0,0,0,0,0,0,0,1,0,0,0,0,0,0,0,0,Santos,1,0
121,Bragantino,Atacante,Talisson,3.8,1,0,0,0,0,0,0,2,0,0,0,0,1,0,1,0,1,0,0,0,0,Bahia,1,0
122,Internacional,Atacante,Lucca,0.5,1,0,0,0,0,0,0,0,0,0,0,0,0,0,0,0,1,0,0,0,0,Fortaleza,0,1
123,Vasco,Meia,Barros,0.0,1,0,0,0,0,0,0,0,0,0,0,0,0,0,0,0,0,0,0,0,0,Atlético-MG,0,1
124,Grêmio,Atacante,Zinho,4.4,1,0,0,0,0,0,0,2,0,0,0,0,0,0,1,1,0,0,0,0,0,Santos,1,0
125,Bahia,Meia,Cauly,2.0,1,0,0,0,0,0,0,0,0,0,0,0,0,0,1,1,0,0,0,0,0,Bragantino,0,1
126,Palmeiras,Meia,Luis Guilherme,1.6,1,0,0,0,0,0,0,1,0,0,0,0,0,0,0,0,1,0,1,0,0,Cuiabá,1,0
127,Cruzeiro,Técnico,Pepa,3.66,1,0,0,0,0,0,0,0,0,0,0,0,0,0,0,0,0,0,0,0,0,Corinthians,0,1
128,Bragantino,Atacante,Henry Mosquera,5.0,1,0,0,1,0,0,0,2,0,0,0,0,3,0,0,0,1,0,0,0,0,Bahia,1,0
129,Atlético-MG,Atacante,Isaac,-0.3,1,0,0,0,0,0,0,0,0,0,0,0,1,0,0,0,0,0,0,0,0,Vasco,1,0
130,Cuiabá,Zagueiro,Allyson,2.2,1,0,0,0,0,0,0,1,0,0,0,0,0,0,0,0,2,0,0,0,0,Palmeiras,0,1
131,Internacional,Técnico,Mano Menezes,4.55,1,0,0,0,0,0,0,0,0,0,0,0,0,0,0,0,0,0,0,0,0,Fortaleza,0,1
132,Fluminense,Goleiro,Fábio,7.0,1,0,0,0,1,0,2,0,0,0,0,0,0,0,0,0,0,0,0,0,0,América-MG,0,1
133,Santos,Atacante,Bruno Mezenga,1.2,1,0,0,0,0,0,0,1,0,0,0,0,0,0,0,0,0,0,0,0,0,Grêmio,0,1
134,São Paulo,Lateral,Rafinha,3.4,1,0,0,0,0,0,0,2,0,0,0,0,0,0,0,0,2,0,0,0,0,Botafogo,0,1
135,Corinthians,Lateral,Fábio Santos,0.0,1,0,0,0,0,0,0,0,0,0,0,0,0,0,0,0,0,0,0,0,0,Cruzeiro,1,0
136,América-MG,Atacante,Wellington Paulista,2.9,1,0,0,0,0,0,0,0,0,0,0,0,1,0,0,4,0,0,0,0,0,Fluminense,1,0
137,Athlético-PR,Zagueiro,Thiago Heleno,4.4,1,0,0,0,1,0,0,0,0,0,0,0,2,0,0,0,0,0,0,0,0,Goiás,1,0
138,Atlético-MG,Lateral,Mariano,2.4,1,0,0,0,0,0,0,2,0,0,0,0,0,0,0,0,0,0,0,0,0,Vasco,1,0
139,Atlético-MG,Atacante,Hulk,6.9,1,0,0,0,0,0,0,0,0,0,1,0,2,0,3,3,5,0,0,0,0,Vasco,1,0
140,América-MG,Técnico,Vagner Mancini,2.63,1,0,0,0,0,0,0,0,0,0,0,0,0,0,0,0,0,0,0,0,0,Fluminense,1,0
141,Grêmio,Técnico,Renato Gaúcho,8.280000000000001,1,0,0,0,0,0,0,0,0,0,0,0,0,0,0,0,0,0,0,0,0,Santos,1,0
142,Corinthians,Goleiro,Cássio,0.5,1,0,0,0,0,0,1,0,0,0,0,1,0,0,0,0,1,0,0,0,0,Cruzeiro,1,0
143,Corinthians,Lateral,Fagner,3.5,1,0,0,0,0,0,0,4,0,0,1,0,1,0,0,0,0,0,0,0,0,Cruzeiro,1,0
144,Fluminense,Zagueiro,David Braz,5.0,1,0,0,0,1,0,0,0,0,0,0,0,0,0,0,0,0,0,0,0,0,América-MG,0,1
145,Fortaleza,Zagueiro,Titi,0.9,1,0,0,0,0,0,0,1,0,0,0,0,1,0,0,0,0,0,0,0,0,Internacional,1,0
146,Goiás,Técnico,Emerson Ávila,1.57,1,0,0,0,0,0,0,0,0,0,0,0,0,0,0,0,0,0,0,0,0,Athlético-PR,0,1
147,Cuiabá,Goleiro,Walter,2.0,1,0,0,0,0,0,4,0,0,0,0,2,0,0,0,0,0,0,0,0,0,Palmeiras,0,1
148,Corinthians,Meia,Giuliano,0.9,1,0,0,0,0,0,0,1,0,0,0,0,1,0,0,0,0,0,0,0,0,Cruzeiro,1,0
149,Flamengo,Meia,Everton Ribeiro,1.8,1,0,0,0,0,0,0,1,0,0,0,0,2,0,1,0,0,0,0,0,0,Coritiba,1,0
150,Vasco,Meia,Alex Teixeira,0.4,1,0,0,0,0,0,0,0,0,0,0,0,2,0,0,0,2,0,0,0,0,Atlético-MG,0,1
151,América-MG,Atacante,Felipe Azevedo,0.8,1,0,0,0,0,0,0,1,0,0,0,0,3,0,0,0,1,0,0,0,0,Fluminense,1,0
152,Cruzeiro,Atacante,Gilberto,0.6,1,0,0,0,0,0,0,0,0,0,0,0,1,0,0,0,2,0,1,0,0,Corinthians,0,1
153,Fluminense,Meia,Ganso,6.2,1,0,1,0,0,0,0,1,0,0,0,0,0,0,0,0,0,0,0,0,0,América-MG,0,1
154,Palmeiras,Lateral,Marcos Rocha,4.7,1,0,0,0,0,0,0,4,0,0,0,0,2,0,0,0,1,0,0,0,0,Cuiabá,1,0
155,Atlético-MG,Meia,Edenílson,0.0,1,0,0,0,0,0,0,0,0,0,0,0,0,0,0,0,0,0,0,0,0,Vasco,1,0
156,Internacional,Zagueiro,Rodrigo Moledo,1.1,1,0,0,0,0,0,0,2,0,0,1,0,1,0,0,0,0,0,0,0,0,Fortaleza,0,1
157,Internacional,Meia,Alan Patrick,7.9,1,0,1,0,0,0,0,0,0,0,0,0,1,0,1,0,4,0,0,0,0,Fortaleza,0,1
158,Botafogo,Meia,Eduardo,13.9,1,1,1,0,0,0,0,0,0,0,1,0,3,0,0,1,4,0,0,0,0,São Paulo,1,0
159,Santos,Meia,Camacho,-0.7,1,0,0,0,0,0,0,1,0,0,1,0,3,0,0,0,0,0,0,0,0,Grêmio,0,1
160,América-MG,Atacante,Henrique Almeida,3.2,1,0,0,1,0,0,0,0,0,0,0,0,2,0,0,1,0,0,0,0,0,Fluminense,1,0
161,América-MG,Lateral,Nino Paraíba,-0.8,1,0,0,0,0,0,0,1,0,0,1,0,3,1,0,0,2,0,1,0,0,Fluminense,1,0
162,Goiás,Atacante,Vinicius,5.5,1,0,0,0,0,0,0,1,0,0,0,0,2,0,1,4,1,0,0,0,0,Athlético-PR,0,1
163,Palmeiras,Atacante,Dudu,8.5,1,0,1,1,0,0,0,0,0,0,0,0,0,0,0,0,1,0,0,0,0,Cuiabá,1,0
164,Corinthians,Zagueiro,Gil,2.0,1,0,0,0,0,0,0,0,0,0,0,0,0,0,1,1,0,0,0,0,0,Cruzeiro,1,0
165,São Paulo,Goleiro,Rafael,-1.0,1,0,0,0,0,0,1,0,0,0,0,2,0,0,0,0,0,0,0,0,0,Botafogo,0,1
166,Cruzeiro,Goleiro,Rafael Cabral,3.0,1,0,0,0,0,0,5,0,0,0,0,2,0,0,0,0,0,0,0,0,0,Corinthians,0,1
167,Cruzeiro,Zagueiro,Luciano Castán,1.4,1,0,0,0,0,0,0,1,0,0,0,0,2,0,0,1,0,0,0,0,0,Corinthians,0,1
168,Flamengo,Atacante,Marinho,-0.1,1,0,0,0,0,0,0,1,0,0,1,0,1,0,0,0,0,0,0,0,0,Coritiba,1,0
169,Fortaleza,Meia,Lucas Sasha,4.4,1,0,0,0,0,0,0,5,0,0,0,0,5,0,0,0,0,0,1,0,0,Internacional,1,0
170,Flamengo,Goleiro,Santos,8.5,1,0,0,0,1,0,3,0,0,0,0,0,0,0,0,0,1,0,0,0,0,Coritiba,1,0
171,Athlético-PR,Atacante,Pablo,12.5,1,0,2,0,0,0,0,1,0,0,1,0,3,0,0,1,5,0,1,0,0,Goiás,1,0
172,Goiás,Zagueiro,Sidimar,0.9,1,0,0,0,0,0,0,0,0,0,1,0,2,0,1,1,1,0,0,0,0,Athlético-PR,0,1
173,Grêmio,Atacante,Luis Suárez,1.5,1,0,0,0,0,0,0,0,0,0,0,0,0,0,2,2,3,1,0,0,0,Santos,1,0
174,Cruzeiro,Meia,Nikão,-0.8,1,0,0,0,0,0,0,0,0,0,1,0,1,0,0,0,1,0,0,0,0,Corinthians,0,1
175,Botafogo,Lateral,Rafael,0.6,1,0,0,0,0,0,0,1,0,0,0,0,2,0,0,0,0,0,0,0,0,São Paulo,1,0
176,Bragantino,Atacante,Eduardo Sasha,9.2,1,1,0,0,0,0,0,1,0,0,0,0,0,0,0,0,0,0,0,0,0,Bahia,1,0
177,Coritiba,Goleiro,Gabriel,1.0,1,0,0,0,0,0,4,0,0,0,0,3,0,0,0,0,0,0,0,0,0,Flamengo,0,1
178,Cuiabá,Zagueiro,Marllon,2.2,1,0,0,0,0,0,0,1,0,0,0,0,1,0,0,1,1,0,0,0,0,Palmeiras,0,1
179,Grêmio,Lateral,Diogo Barbosa,10.8,1,0,0,0,1,0,0,4,0,0,0,0,1,0,0,1,1,0,0,0,0,Santos,1,0
180,Athlético-PR,Meia,Léo Cittadini,0.4,1,0,0,0,0,0,0,0,0,0,0,0,2,0,0,0,2,0,0,0,0,Goiás,1,0
181,Grêmio,Meia,Vina,0.0,1,0,0,0,0,0,0,0,0,0,1,0,0,0,0,0,2,0,0,0,0,Santos,1,0
182,Fortaleza,Goleiro,Fernando Miguel,4.0,1,0,0,0,0,0,5,0,0,0,0,1,0,0,0,0,0,0,0,0,0,Internacional,1,0
183,Palmeiras,Goleiro,Weverton,2.0,1,0,0,0,0,0,3,0,0,0,0,1,0,0,0,0,0,0,0,0,0,Cuiabá,1,0
184,Palmeiras,Zagueiro,Gustavo Gómez,1.2,1,0,0,0,0,0,0,1,0,0,0,0,0,0,0,0,0,0,0,0,0,Cuiabá,1,0
185,Coritiba,Meia,Júnior Urso,3.8,1,0,0,0,0,0,0,2,0,0,1,0,1,0,1,0,3,0,0,0,0,Flamengo,0,1
186,Fortaleza,Atacante,Thiago Galhardo,0.0,1,0,0,0,0,0,0,0,0,0,0,0,0,0,0,0,0,0,0,0,0,Internacional,1,0
187,Atlético-MG,Goleiro,Everson,-1.0,1,0,0,0,0,0,1,0,0,0,0,2,0,0,0,0,0,0,0,0,0,Vasco,1,0
188,Fluminense,Técnico,Fernando Diniz,10.39,1,0,0,0,0,0,0,0,0,0,0,0,0,0,0,0,0,0,0,0,0,América-MG,0,1
189,Internacional,Meia,Gustavo Campanharo,0.0,1,0,0,0,0,0,0,0,0,0,0,0,0,0,0,0,0,0,0,0,0,Fortaleza,0,1
190,Goiás,Lateral,Maguinho,0.7,1,0,0,0,0,0,0,0,0,0,0,0,1,0,0,0,2,0,0,0,0,Athlético-PR,0,1
191,América-MG,Goleiro,Matheus Cavichioli,8.0,1,0,0,0,0,1,4,0,0,0,0,3,0,0,0,0,0,0,0,0,0,Fluminense,1,0
192,Internacional,Atacante,Pedro Henrique,-0.2,1,0,0,0,0,0,0,0,0,0,0,0,0,0,0,0,0,0,2,0,0,Fortaleza,0,1
193,Cuiabá,Meia,Ceppelini,2.4,1,0,0,0,0,0,0,1,0,0,0,0,0,0,1,0,0,0,0,0,0,Palmeiras,0,1
194,Botafogo,Lateral,Daniel Borges,5.9,1,0,0,0,0,0,0,4,0,0,0,0,2,0,1,0,1,0,0,0,0,São Paulo,1,0
195,Fluminense,Lateral,Samuel Xavier,10.2,1,0,1,0,1,0,0,0,0,0,0,0,1,0,0,0,1,0,0,0,0,América-MG,0,1
196,Internacional,Atacante,Jean Dias,0.4,1,0,0,0,0,0,0,0,0,0,0,0,2,0,0,0,2,0,0,0,0,Fortaleza,0,1
197,Grêmio,Zagueiro,Bruno Alves,4.7,1,0,0,0,1,0,0,0,0,0,0,0,1,0,0,0,0,0,0,0,0,Santos,1,0
198,Goiás,Atacante,Guilherme Marques,0.0,1,0,0,0,0,0,0,0,0,0,0,0,0,0,0,0,0,0,0,0,0,Athlético-PR,0,1
199,Coritiba,Atacante,William Pottker,2.1,1,0,0,0,0,0,0,2,0,0,1,0,1,0,0,0,2,0,0,0,0,Flamengo,0,1
200,Athlético-PR,Lateral,Madson,5.5,1,0,0,0,1,0,0,0,0,0,0,0,0,0,0,0,1,0,0,0,0,Goiás,1,0
201,Bahia,Atacante,Everaldo,10.6,1,1,0,0,0,0,0,1,0,0,0,0,3,0,0,1,3,0,0,0,0,Bragantino,0,1
202,Internacional,Lateral,Renê,5.9,1,0,0,0,0,0,0,5,0,0,0,0,2,0,0,0,1,0,0,0,0,Fortaleza,0,1
203,Cuiabá,Atacante,Jonathan Cafu,6.1,1,0,1,0,0,0,0,1,0,0,1,0,3,0,0,1,2,0,0,0,0,Palmeiras,0,1
204,Cruzeiro,Meia,Ramiro,0.9,1,0,0,0,0,0,0,1,0,0,0,0,1,0,0,0,0,0,0,0,0,Corinthians,0,1
205,Fluminense,Meia,Thiago Santos,0.2,1,0,0,0,0,0,0,0,0,0,0,0,1,0,0,0,1,0,0,0,0,América-MG,0,1
206,Cuiabá,Meia,Rafael Gava,0.2,1,0,0,0,0,0,0,0,0,0,0,0,1,0,0,0,1,0,0,0,0,Palmeiras,0,1
207,Botafogo,Zagueiro,Víctor Cuesta,4.6,1,0,1,0,0,0,0,1,0,0,1,0,2,0,0,0,0,0,0,0,0,São Paulo,1,0
208,Fortaleza,Atacante,Silvio Romero,0.0,1,0,0,0,0,0,0,0,0,0,0,0,0,0,0,0,0,0,0,0,0,Internacional,1,0
209,Cuiabá,Meia,Filipe Augusto,0.3,1,0,0,0,0,0,0,2,0,1,0,0,2,0,0,0,3,0,0,0,0,Palmeiras,0,1
210,América-MG,Zagueiro,Ricardo Silva,0.0,1,0,0,0,0,0,0,0,0,0,0,0,0,0,0,0,0,0,0,0,0,Fluminense,1,0
211,Fluminense,Atacante,Cano,8.8,1,1,0,1,0,0,0,1,0,0,0,0,0,0,0,1,0,1,2,0,0,América-MG,0,1
212,Coritiba,Atacante,Zé Roberto,-0.3,1,0,0,0,0,0,0,0,0,0,1,0,1,0,0,0,2,0,0,0,0,Flamengo,0,1
213,Fortaleza,Meia,Yago Pikachu,0.8,1,0,0,0,0,0,0,0,0,0,0,0,0,0,0,1,0,0,0,0,0,Internacional,1,0
214,São Paulo,Atacante,Luciano,5.2,1,0,1,0,0,0,0,0,0,0,0,0,1,0,0,0,1,0,0,0,0,Botafogo,0,1
215,Santos,Meia,Lucas Lima,1.2,1,0,0,0,0,0,0,0,0,0,0,0,2,0,0,1,2,0,0,0,0,Grêmio,0,1
216,Vasco,Meia,Jair,5.4,1,0,0,0,0,0,0,2,0,0,0,0,0,0,0,0,6,0,0,0,0,Atlético-MG,0,1
217,São Paulo,Meia,Alisson,-0.1,1,0,0,0,0,0,0,0,0,0,0,0,0,0,0,0,0,0,1,0,0,Botafogo,0,1
218,Goiás,Meia,Willian Oliveira,-0.1,1,0,0,0,0,0,0,0,0,0,0,0,2,0,0,0,1,0,0,0,0,Athlético-PR,0,1
219,América-MG,Meia,Juninho,2.7,1,0,0,0,0,0,0,1,0,0,0,0,3,0,1,1,1,0,1,0,0,Fluminense,1,0
220,Goiás,Goleiro,Tadeu,0.0,1,0,0,0,0,0,2,0,0,0,0,2,0,0,0,0,0,0,0,0,0,Athlético-PR,0,1
221,Palmeiras,Meia,Zé Rafael,5.8,1,0,0,0,0,0,0,4,0,0,0,0,4,0,1,0,2,0,0,0,0,Cuiabá,1,0
222,Atlético-MG,Meia,Otávio,1.9,1,0,0,0,0,0,0,2,0,0,1,0,1,0,0,1,0,0,0,0,0,Vasco,1,0
223,Fortaleza,Lateral,Tinga,3.5,1,0,0,0,0,0,0,3,0,0,0,0,2,0,0,0,1,0,0,0,0,Internacional,1,0
224,Athlético-PR,Técnico,Paulo Turra,8.26,1,0,0,0,0,0,0,0,0,0,0,0,0,0,0,0,0,0,0,0,0,Goiás,1,0
225,São Paulo,Meia,Wellington Rato,3.3,1,0,0,0,0,0,0,2,0,0,0,0,2,0,0,0,3,0,0,0,0,Botafogo,0,1
226,Vasco,Técnico,Maurício Barbieri,6.05,1,0,0,0,0,0,0,0,0,0,0,0,0,0,0,0,0,0,0,0,0,Atlético-MG,0,1
227,Flamengo,Atacante,Gabriel,7.1,1,1,0,0,0,0,0,0,0,0,1,0,1,0,0,0,1,0,1,0,0,Coritiba,1,0
228,Atlético-MG,Meia,Patrick,2.4,1,0,0,0,0,0,0,2,0,0,0,0,0,0,0,0,0,0,0,0,0,Vasco,1,0
229,Flamengo,Zagueiro,Léo Pereira,12.5,1,0,0,0,1,0,0,5,0,0,0,0,0,0,0,0,3,0,0,0,0,Coritiba,1,0
230,Botafogo,Atacante,Tiquinho Soares,11.2,1,1,0,0,0,0,0,2,0,0,0,0,0,0,0,1,0,0,0,0,0,São Paulo,1,0
231,Atlético-MG,Zagueiro,Jemerson,7.0,1,0,1,0,0,0,0,1,0,0,0,0,1,0,1,0,0,0,1,0,0,Vasco,1,0
232,Goiás,Zagueiro,Bruno Melo,1.3,1,0,0,0,0,0,0,0,0,0,1,0,1,0,0,2,2,0,0,0,0,Athlético-PR,0,1
233,Cuiabá,Meia,Fernando Sobral,2.8,1,0,0,0,0,0,0,2,0,0,0,0,2,0,0,0,2,0,0,0,0,Palmeiras,0,1
234,Bragantino,Meia,Lucas Evangelista,1.4,1,0,0,0,0,0,0,1,0,0,0,0,1,0,0,0,1,0,0,0,0,Bahia,1,0
235,Coritiba,Atacante,Robson,0.4,1,0,0,0,0,0,0,0,0,0,0,0,2,0,0,0,2,0,0,0,0,Flamengo,0,1
236,Bahia,Goleiro,Marcos Felipe,3.0,1,0,0,0,0,0,5,0,0,0,0,2,0,0,0,0,0,0,0,0,0,Bragantino,0,1
237,Corinthians,Meia,Cantillo,8.9,1,0,0,0,0,0,0,6,0,0,0,0,0,0,1,0,1,0,0,0,0,Cruzeiro,1,0
238,Santos,Goleiro,João Paulo,4.0,1,0,0,0,0,0,5,0,0,0,0,1,0,0,0,0,0,0,0,0,0,Grêmio,0,1
239,Vasco,Zagueiro,Léo,-0.9,1,0,0,0,0,0,0,0,0,0,0,0,3,0,0,0,0,0,0,0,0,Atlético-MG,0,1
240,Atlético-MG,Meia,Hyoran,-0.1,1,0,0,0,0,0,0,0,0,0,0,0,3,0,0,1,0,0,0,0,0,Vasco,1,0
241,Botafogo,Atacante,Gustavo Sauer,-0.7,1,0,0,0,0,0,0,0,0,0,0,0,2,0,0,0,0,0,1,0,0,São Paulo,1,0
242,América-MG,Meia,Alê,2.7,1,0,0,0,0,0,0,1,0,0,0,0,2,0,0,2,1,0,0,0,0,Fluminense,1,0
243,Goiás,Lateral,Sander,2.6,1,0,0,0,0,0,0,1,0,0,0,0,0,0,0,0,3,0,1,0,0,Athlético-PR,0,1
244,Coritiba,Lateral,Victor Luis,1.7,1,0,0,0,0,0,0,1,0,0,0,0,0,0,0,0,1,0,0,0,0,Flamengo,0,1
245,Fluminense,Atacante,Keno,-0.3,1,0,0,0,0,0,0,0,0,0,0,0,1,0,0,0,0,0,0,0,0,América-MG,0,1
246,Botafogo,Meia,Tchê Tchê,4.6,1,0,0,0,0,0,0,3,0,0,0,0,1,0,0,1,1,0,0,0,0,São Paulo,1,0
247,Cruzeiro,Meia,Richard Coelho,7.0,1,0,0,0,0,0,0,5,0,0,0,0,1,0,0,0,3,0,2,0,0,Corinthians,0,1
248,Flamengo,Atacante,Everton,2.1,1,0,0,0,0,0,0,1,0,0,0,0,1,0,1,0,0,0,0,0,0,Coritiba,1,0
249,Botafogo,Meia,Danilo Barbosa,2.8,1,0,0,0,0,0,0,2,0,0,0,0,3,0,0,1,1,0,0,0,0,São Paulo,1,0
250,Coritiba,Atacante,Rodrigo Pinho,1.7,1,0,0,0,0,0,0,0,0,0,0,0,1,0,1,1,0,0,0,0,0,Flamengo,0,1
251,América-MG,Lateral,Marlon,1.1,1,0,0,0,0,0,0,1,0,0,0,0,2,0,0,0,1,0,0,0,0,Fluminense,1,0
252,Santos,Zagueiro,Eduardo Bauermann,2.5,1,0,0,0,0,0,0,0,0,0,0,0,1,0,1,2,0,0,0,0,0,Grêmio,0,1
253,Vasco,Goleiro,Léo Jardim,9.0,1,0,0,0,0,0,10,0,0,0,0,1,0,0,0,0,0,0,0,0,0,Atlético-MG,0,1
254,Grêmio,Meia,Nathan,0.5,1,0,0,0,0,0,0,0,0,0,0,0,1,0,0,1,0,0,0,0,0,Santos,1,0
255,Goiás,Atacante,Matheus Peixoto,2.1,1,0,0,0,0,0,0,1,0,0,0,0,2,0,0,0,3,0,0,0,0,Athlético-PR,0,1
256,Athlético-PR,Zagueiro,Pedro Henrique,11.4,1,1,0,0,1,0,0,0,0,0,1,0,2,0,0,0,0,0,0,0,0,Goiás,1,0
257,Internacional,Meia,Carlos de Pena,0.8,1,0,0,0,0,0,0,0,0,0,0,0,0,0,0,1,0,0,0,0,0,Fortaleza,0,1
258,Santos,Atacante,Soteldo,2.4,1,0,0,0,0,0,0,1,0,1,0,0,1,0,1,1,5,0,0,0,0,Grêmio,0,1
259,Grêmio,Zagueiro,Kannemann,7.7,1,0,0,0,1,0,0,3,0,0,1,0,3,0,0,0,2,0,0,0,0,Santos,1,0
260,Santos,Zagueiro,Messias,2.4,1,0,0,0,0,0,0,2,0,0,0,0,1,1,0,1,1,0,0,0,0,Grêmio,0,1
261,Bahia,Meia,Thaciano,9.8,1,0,1,0,0,0,0,3,0,0,0,0,1,0,0,0,3,0,0,0,0,Bragantino,0,1
262,Athlético-PR,Meia,Vitor Bueno,3.9,1,0,0,0,0,0,0,0,0,0,0,0,1,0,2,1,2,0,0,0,0,Goiás,1,0
263,Bahia,Meia,Yago Felipe,2.3,1,0,0,0,0,0,0,2,0,0,0,0,2,0,0,0,1,0,0,0,0,Bragantino,0,1
264,Atlético-MG,Zagueiro,Mauricio Lemos,13.2,1,1,0,0,0,0,0,4,0,0,1,0,1,0,1,0,1,0,0,0,0,Vasco,1,0
265,Botafogo,Técnico,Luís Castro,6.12,1,0,0,0,0,0,0,0,0,0,0,0,0,0,0,0,0,0,0,0,0,São Paulo,1,0
266,Flamengo,Lateral,Ayrton Lucas,15.0,1,1,0,0,1,0,0,1,0,0,0,0,3,0,1,0,1,0,0,0,0,Coritiba,1,0
267,Bragantino,Lateral,Aderlan,8.2,1,0,0,0,0,0,0,6,0,0,0,0,1,0,0,1,1,0,0,0,0,Bahia,1,0
268,América-MG,Zagueiro,Iago Maidana,-0.5,1,0,0,0,0,0,0,0,0,0,1,0,1,0,0,1,0,0,0,0,0,Fluminense,1,0
269,Flamengo,Meia,Gerson,5.8,1,0,1,0,0,0,0,0,0,0,0,0,4,0,0,0,2,0,0,0,1,Coritiba,1,0
270,Grêmio,Lateral,João Pedro,15.4,1,1,0,0,1,0,0,2,0,0,0,0,0,0,0,0,0,0,0,0,0,Santos,1,0
271,Cruzeiro,Lateral,William,0.6,1,0,0,0,0,0,0,1,0,0,0,0,2,0,0,0,0,0,0,0,0,Corinthians,0,1
272,Flamengo,Meia,Thiago Maia,5.7,1,0,0,0,0,0,0,5,0,0,0,0,1,0,0,0,0,0,0,0,0,Coritiba,1,0
273,São Paulo,Atacante,Calleri,10.1,1,1,0,0,0,0,0,0,0,0,1,0,3,0,1,1,4,0,0,0,0,Botafogo,0,1
274,Grêmio,Meia,Cristaldo,5.7,1,0,0,0,0,0,0,3,0,0,0,0,0,0,1,0,0,0,1,0,1,Santos,1,0
275,Santos,Meia,Dodi,1.4,1,0,0,0,0,0,0,2,0,0,1,0,0,0,0,0,0,0,0,0,0,Grêmio,0,1
276,Corinthians,Atacante,Róger Guedes,8.5,1,1,0,0,0,0,0,0,0,0,1,0,0,0,0,0,3,0,0,0,0,Cruzeiro,1,0
277,Grêmio,Atacante,Everton Galdino,2.2,1,0,0,0,0,0,0,1,0,0,0,0,0,0,0,0,2,0,0,0,0,Santos,1,0
278,Fortaleza,Lateral,Bruno Pacheco,1.4,1,0,0,0,0,0,0,1,0,0,0,0,1,0,0,0,1,0,0,0,0,Internacional,1,0
279,Flamengo,Atacante,Bruno Henrique,0.9,1,0,0,0,0,0,0,1,0,0,0,0,1,0,0,0,0,0,0,0,0,Coritiba,1,0
280,São Paulo,Atacante,David,0.2,1,0,0,0,0,0,0,0,0,0,0,0,1,0,0,0,1,0,0,0,0,Botafogo,0,1
281,Bahia,Meia,Rezende,5.3,1,0,0,0,0,0,0,4,0,0,0,0,0,0,0,0,1,0,0,0,0,Bragantino,0,1
282,Goiás,Atacante,Diego Gonçalves,-0.3,1,0,0,0,0,0,0,0,0,0,0,0,1,0,0,0,0,0,0,0,0,Athlético-PR,0,1
283,Flamengo,Zagueiro,Fabrício Bruno,8.0,1,0,0,0,1,0,0,2,0,0,1,0,2,0,1,0,2,0,0,0,0,Coritiba,1,0
284,América-MG,Atacante,Everaldo,3.7,1,0,0,0,0,0,0,1,0,0,0,0,0,0,1,1,1,0,0,0,0,Fluminense,1,0
285,Cuiabá,Lateral,PK,4.5,1,0,0,0,0,0,0,4,0,0,0,0,1,0,0,0,0,0,0,0,0,Palmeiras,0,1
286,América-MG,Zagueiro,Éder,2.0,1,0,0,0,0,0,0,3,0,0,1,0,2,0,0,0,0,0,0,0,0,Fluminense,1,0
287,Botafogo,Goleiro,Lucas Perri,5.0,1,0,0,0,0,0,6,0,0,0,0,1,0,0,0,0,0,0,0,0,0,São Paulo,1,0
288,São Paulo,Zagueiro,Arboleda,3.6,1,0,0,0,0,0,0,3,0,0,0,0,0,0,0,0,0,0,0,0,0,Botafogo,0,1
289,Botafogo,Zagueiro,Adryelson,0.5,1,0,0,0,0,0,0,0,0,0,0,0,0,0,0,0,1,0,0,0,0,São Paulo,1,0
290,Cruzeiro,Lateral,Marlon,9.5,1,0,1,0,0,0,0,4,0,0,0,0,1,0,0,0,0,0,0,0,0,Corinthians,0,1
291,Fluminense,Zagueiro,Nino,6.2,1,0,0,0,1,0,0,1,0,0,0,0,0,0,0,0,0,0,0,0,0,América-MG,0,1
292,Athlético-PR,Zagueiro,Zé Ivaldo,5.0,1,0,0,0,1,0,0,0,0,0,0,0,0,0,0,0,0,0,0,0,0,Goiás,1,0
293,Atlético-MG,Atacante,Pavón,2.7,1,0,0,0,0,0,0,2,0,0,1,0,0,0,0,1,1,0,0,0,0,Vasco,1,0
294,Santos,Técnico,Odair Hellmann,3.33,1,0,0,0,0,0,0,0,0,0,0,0,0,0,0,0,0,0,0,0,0,Grêmio,0,1
295,Cuiabá,Atacante,Deyverson,2.1,1,0,0,0,0,0,0,1,0,0,1,0,0,0,0,2,1,0,2,0,0,Palmeiras,0,1
296,Cruzeiro,Atacante,Bruno Rodrigues,4.7,1,0,0,0,0,0,0,1,0,0,0,0,0,0,1,1,3,0,0,0,0,Corinthians,0,1
297,Cruzeiro,Meia,Mateus Vital,2.3,1,0,0,0,0,0,0,2,0,0,0,0,2,0,0,0,1,0,0,0,0,Corinthians,0,1
298,Coritiba,Zagueiro,Chancellor,2.3,1,0,0,0,0,0,0,2,0,0,0,0,0,0,0,0,0,0,1,0,0,Flamengo,0,1
299,Internacional,Atacante,Wanderson,9.9,1,1,0,0,0,0,0,1,0,0,0,0,2,0,0,1,1,0,0,0,0,Fortaleza,0,1
300,Coritiba,Meia,Andrey,1.6,1,0,0,0,0,0,0,2,0,0,0,0,1,1,0,0,1,0,0,0,0,Flamengo,0,1
301,América-MG,Meia,Matheusinho,0.5,1,0,0,0,0,0,0,0,0,0,0,0,0,0,0,0,1,0,0,0,0,Fluminense,1,0
302,Palmeiras,Atacante,Breno Lopes,0.5,1,0,0,0,0,0,0,0,0,0,0,0,0,0,0,0,1,0,0,0,0,Cuiabá,1,0
303,Internacional,Goleiro,John Victor,4.0,1,0,0,0,0,0,5,0,0,0,0,1,0,0,0,0,0,0,0,0,0,Fortaleza,0,1
304,Bragantino,Meia,Matheus Fernandes,10.3,1,0,0,0,0,0,0,8,0,0,0,0,1,0,0,0,2,0,0,0,0,Bahia,1,0
305,Fortaleza,Atacante,Guilherme,0.7,1,0,0,0,0,0,0,0,0,0,1,0,0,0,1,0,1,0,0,0,0,Internacional,1,0
306,Cruzeiro,Zagueiro,Oliveira,9.2,1,1,0,0,0,0,0,1,0,0,1,0,0,0,0,0,2,0,0,0,0,Corinthians,0,1
307,Flamengo,Atacante,Pedro,8.0,1,1,0,0,0,0,0,0,0,0,0,0,0,0,0,0,0,0,0,0,0,Coritiba,1,0
308,São Paulo,Meia,Jhegson Méndez,2.5,1,0,0,0,0,0,0,3,0,0,1,0,2,0,0,0,1,0,0,0,0,Botafogo,0,1
309,Atlético-MG,Técnico,Eduardo Coudet,4.45,1,0,0,0,0,0,0,0,0,0,0,0,0,0,0,0,0,0,0,0,0,Vasco,1,0
310,Botafogo,Meia,Lucas Fernandes,0.6,1,0,0,0,0,0,0,1,0,0,0,0,2,0,0,0,0,0,0,0,0,São Paulo,1,0
311,Bragantino,Lateral,Juninho Capixaba,1.5,1,0,0,0,0,0,0,2,0,0,1,0,4,0,0,1,1,0,0,0,0,Bahia,1,0
312,Cuiabá,Meia,Raniele,13.6,1,1,0,0,0,0,0,3,0,0,0,0,0,0,0,0,4,0,0,0,0,Palmeiras,0,1
313,América-MG,Meia,Lucas Kal,1.2,1,0,0,0,0,0,0,1,0,0,0,0,0,0,0,0,0,0,0,0,0,Fluminense,1,0
314,Palmeiras,Atacante,Artur,1.8,1,0,0,0,0,0,0,0,0,0,0,0,0,0,0,1,2,0,0,0,0,Cuiabá,1,0
315,Cruzeiro,Meia,Machado,0.5,1,0,0,0,0,0,0,0,0,0,0,0,0,0,0,0,1,0,0,0,0,Corinthians,0,1
316,Fluminense,Meia,Lima,2.6,1,0,0,0,0,0,0,1,0,0,0,0,2,0,0,0,4,0,0,0,0,América-MG,0,1
317,Atlético-MG,Lateral,Saravia,1.8,1,0,0,0,0,0,0,1,0,0,1,0,2,0,1,0,2,0,0,0,0,Vasco,1,0
318,Grêmio,Meia,Villasanti,2.9,1,0,0,0,0,0,0,2,0,0,0,0,0,0,0,0,1,0,0,0,0,Santos,1,0
319,São Paulo,Técnico,Rogério Ceni,4.57,1,0,0,0,0,0,0,0,0,0,0,0,0,0,0,0,0,0,0,0,0,Botafogo,0,1
320,Palmeiras,Zagueiro,Murilo,2.6,1,0,0,0,0,0,0,2,0,0,0,0,1,0,0,0,1,0,0,0,0,Cuiabá,1,0
321,Internacional,Zagueiro,Vitão,1.2,1,0,0,0,0,0,0,1,0,0,0,0,0,0,0,0,0,0,0,0,0,Fortaleza,0,1
322,Athlético-PR,Meia,Erick,1.2,1,0,0,0,0,0,0,1,0,0,0,0,0,0,0,0,0,0,0,0,0,Goiás,1,0
323,Internacional,Atacante,Alemão,8.2,1,0,0,0,0,0,0,3,0,0,0,0,3,0,2,2,3,0,0,0,0,Fortaleza,0,1
324,Vasco,Atacante,Pedro Raul,1.1,1,0,0,0,0,0,0,2,0,0,1,0,2,0,0,0,1,0,2,0,0,Atlético-MG,0,1
325,Bahia,Zagueiro,Kanu,1.4,1,0,0,0,0,0,0,1,0,0,0,0,1,0,0,0,1,0,0,0,0,Bragantino,0,1
326,Botafogo,Lateral,Di Placido,1.9,1,0,0,0,0,0,0,3,0,0,1,0,2,0,0,0,0,0,1,0,0,São Paulo,1,0
327,Coritiba,Zagueiro,Kuscevic,0.6,1,0,0,0,0,0,0,1,0,0,0,0,2,0,0,0,0,0,0,0,0,Flamengo,0,1
328,Atlético-MG,Meia,Pedrinho,0.0,1,0,0,0,0,0,0,0,0,0,0,0,0,0,0,0,0,0,0,0,0,Vasco,1,0
329,São Paulo,Meia,Gabriel,1.2,1,0,0,0,0,0,0,1,0,0,0,0,0,0,0,0,0,0,0,0,0,Botafogo,0,1
330,Vasco,Lateral,Puma Rodríguez,0.5,1,0,0,0,0,0,0,0,0,0,0,0,0,0,0,0,1,0,0,0,0,Atlético-MG,0,1
331,Santos,Meia,Rodrigo Fernández,1.1,1,0,0,0,0,0,0,1,0,0,0,0,3,0,0,1,0,0,0,0,0,Grêmio,0,1
332,Fortaleza,Meia,Pochettino,3.3,1,0,0,0,0,0,0,0,0,0,0,0,0,0,1,2,1,0,0,0,0,Internacional,1,0
333,Goiás,Meia,Morelli,2.2,1,0,0,0,0,0,0,1,0,0,0,0,0,0,0,0,2,0,0,0,0,Athlético-PR,0,1
334,Internacional,Meia,Baralhas,3.4,1,0,0,0,0,0,0,2,0,0,0,0,1,0,0,1,1,0,0,0,0,Fortaleza,0,1
335,Atlético-MG,Atacante,Paulinho,5.6,1,0,0,0,0,0,0,1,0,0,0,0,0,0,3,1,0,0,0,0,0,Vasco,1,0
336,São Paulo,Zagueiro,Alan Franco,2.1,1,0,0,0,0,0,0,2,0,0,0,0,1,0,0,0,0,0,0,0,0,Botafogo,0,1
337,Goiás,Meia,Jhonny Lucas,-1.6,1,0,0,0,0,0,0,0,0,0,1,0,2,0,0,0,0,0,0,0,0,Athlético-PR,0,1
338,Atlético-MG,Meia,Zaracho,4.3,2,0,0,1,0,0,0,1,0,0,0,0,3,0,0,0,2,0,0,0,0,Santos,0,1
339,Corinthians,Atacante,Yuri Alberto,1.8,2,0,0,0,0,0,0,0,0,0,0,0,2,0,0,0,5,0,1,0,0,Goiás,0,1
340,Coritiba,Meia,Liziero,1.4,2,0,0,0,0,0,0,1,0,0,0,0,1,0,0,0,1,0,0,0,0,Fortaleza,1,0
341,Cuiabá,Meia,Ronald Lopes,0.2,2,0,0,0,0,0,0,0,0,0,0,0,1,0,0,0,1,0,0,0,0,Bragantino,1,0
342,Botafogo,Atacante,Júnior Santos,11.3,2,1,0,0,0,0,0,2,0,0,0,0,1,0,0,1,1,0,1,0,0,Bahia,0,1
343,Goiás,Meia,Diego,1.2,2,0,0,0,0,0,0,0,0,0,0,0,1,0,0,0,3,0,0,0,0,Corinthians,1,0
344,Bahia,Atacante,Vitor Jacaré,8.6,2,1,0,0,0,0,0,1,0,0,0,0,2,0,0,0,0,0,0,0,0,Botafogo,1,0
345,Coritiba,Atacante,Alef Manga,3.3,2,0,0,0,0,0,0,1,0,0,1,0,0,0,2,1,0,0,1,0,0,Fortaleza,1,0
346,Bahia,Atacante,Ademir,1.4,2,0,0,0,0,0,0,0,0,0,0,0,3,0,0,1,3,0,0,0,0,Botafogo,1,0
347,Cruzeiro,Meia,Wallisson,0.0,2,0,0,0,0,0,0,0,0,0,0,0,0,0,0,0,0,0,0,0,0,Grêmio,1,0
348,Vasco,Zagueiro,Robson Bambu,-0.1,2,0,0,0,0,0,0,0,0,0,0,0,2,0,0,0,1,0,0,0,0,Palmeiras,1,0
349,Athlético-PR,Meia,Hugo Moura,5.1,2,0,0,0,0,0,0,5,0,0,0,0,3,0,0,0,0,0,0,0,0,Fluminense,0,1
350,Goiás,Meia,Matheusinho,0.5,2,0,0,0,0,0,0,0,0,0,0,0,0,0,0,0,1,0,0,0,0,Corinthians,1,0
351,Fortaleza,Zagueiro,Brítez,6.3,2,0,0,0,1,0,0,2,0,0,1,0,0,0,0,0,0,0,1,0,0,Coritiba,0,1
352,Palmeiras,Lateral,Piquerez,6.2,2,0,0,0,0,0,0,5,0,0,0,0,1,0,0,0,1,0,0,0,0,Vasco,0,1
353,Goiás,Zagueiro,Lucas Halter,7.1,2,1,0,0,0,0,0,0,0,0,1,0,3,0,0,0,2,0,0,0,0,Corinthians,1,0
354,São Paulo,Lateral,Caio Paulista,7.4,2,0,0,0,1,0,0,1,0,0,0,0,0,0,1,0,0,0,0,0,0,América-MG,1,0
355,Bragantino,Atacante,Helinho,0.9,2,0,0,0,0,0,0,0,0,0,0,0,1,0,0,1,1,0,1,0,0,Cuiabá,0,1
356,São Paulo,Meia,Luan,1.3,2,0,0,0,0,0,0,0,0,0,0,0,0,0,0,1,1,0,0,0,0,América-MG,1,0
357,Goiás,Meia,Zé Ricardo,4.8,2,0,0,0,0,0,0,3,0,0,1,0,3,0,0,2,3,0,0,0,0,Corinthians,1,0
358,Bragantino,Atacante,Laquintana,0.1,2,0,0,0,0,0,0,0,0,0,0,0,1,0,0,0,1,0,1,0,0,Cuiabá,0,1
359,Bragantino,Meia,Eric Ramires,0.2,2,0,0,0,0,0,0,0,0,0,0,0,1,0,0,0,1,0,0,0,0,Cuiabá,0,1
360,América-MG,Meia,Emmanuel Martínez,4.7,2,0,0,0,0,0,0,2,0,0,0,0,1,0,0,2,2,0,0,0,0,São Paulo,0,1
361,Cruzeiro,Atacante,Rafael Bilu,3.7,2,0,0,0,0,0,0,2,0,0,0,0,1,0,0,2,0,0,0,0,0,Grêmio,1,0
362,São Paulo,Atacante,Marcos Paulo,6.7,2,1,0,0,0,0,0,0,0,0,1,0,1,0,0,0,0,0,0,0,0,América-MG,1,0
363,Bragantino,Meia,Jadsom Silva,1.2,2,0,0,0,0,0,0,1,0,0,0,0,0,0,0,0,0,0,0,0,0,Cuiabá,0,1
364,Corinthians,Zagueiro,Bruno Méndez,1.2,2,0,0,0,0,0,0,1,0,0,0,0,0,0,0,0,0,0,0,0,0,Goiás,0,1
365,Palmeiras,Meia,Gabriel Menino,7.6,2,0,1,0,0,0,0,1,0,0,1,0,2,0,1,1,2,0,0,0,0,Vasco,0,1
366,Atlético-MG,Zagueiro,Bruno Fuchs,4.7,2,0,0,0,1,0,0,0,0,0,0,0,1,0,0,0,0,0,0,0,0,Santos,0,1
367,Internacional,Zagueiro,Igor Gomes,4.5,2,0,0,0,0,0,0,3,0,0,0,0,2,0,0,0,3,0,0,0,0,Flamengo,1,0
368,Fluminense,Zagueiro,Vitor Mendes,5.0,2,0,0,0,1,0,0,0,0,0,0,0,0,0,0,0,0,0,0,0,0,Athlético-PR,1,0
369,Athlético-PR,Meia,Christian,1.3,2,0,0,0,0,0,0,0,0,0,0,0,1,0,0,2,0,0,0,0,0,Fluminense,0,1
370,Fortaleza,Meia,Vinícius Zanocelo,3.6,2,0,0,0,0,0,0,2,0,0,0,0,0,0,1,0,0,0,0,0,0,Coritiba,0,1
371,Fortaleza,Atacante,Moisés,1.2,2,0,0,0,0,0,0,0,0,0,0,0,0,0,1,0,0,0,0,0,0,Coritiba,0,1
372,Fortaleza,Técnico,Juan Vojvoda,10.06,2,0,0,0,0,0,0,0,0,0,0,0,0,0,0,0,0,0,0,0,0,Coritiba,0,1
373,Bahia,Meia,Acevedo,3.9,2,0,0,0,0,0,0,4,0,0,0,0,3,0,0,0,0,0,0,0,0,Botafogo,1,0
374,Botafogo,Atacante,Luis Henrique,2.4,2,0,0,0,0,0,0,2,0,0,0,0,0,0,0,0,0,0,0,0,0,Bahia,0,1
375,Athlético-PR,Goleiro,Bento,1.5,2,0,0,0,0,0,3,0,0,0,0,2,0,0,0,0,1,0,0,0,0,Fluminense,0,1
376,Bahia,Zagueiro,Gabriel Xavier,3.8,2,0,0,0,0,0,0,2,0,0,0,0,1,0,1,0,1,0,0,0,0,Botafogo,1,0
377,Vasco,Lateral,Lucas Piton,-1.0,2,0,0,0,0,0,0,0,0,0,1,0,0,0,0,0,0,0,0,0,0,Palmeiras,1,0
378,Corinthians,Meia,Roni,0.3,2,0,0,0,0,0,0,1,0,0,0,0,3,0,0,0,0,0,0,0,0,Goiás,0,1
379,Internacional,Meia,Maurício,16.2,2,2,0,0,0,0,0,1,0,0,1,0,0,0,0,0,0,0,0,0,0,Flamengo,1,0
380,Palmeiras,Atacante,Rafael Navarro,9.8,2,1,0,0,0,0,0,2,0,0,0,0,2,0,0,0,0,0,0,0,0,Vasco,0,1
381,Internacional,Meia,Johnny,2.4,2,0,0,0,0,0,0,2,0,0,0,0,0,0,0,0,0,0,0,0,0,Flamengo,1,0
382,Bragantino,Goleiro,Lucão,0.0,2,0,0,0,0,0,1,0,0,0,0,1,0,0,0,0,0,0,0,0,0,Cuiabá,0,1
383,Vasco,Atacante,Gabriel Pec,11.7,2,1,0,0,0,0,0,3,0,0,1,0,3,0,0,0,4,0,0,0,0,Palmeiras,1,0
384,Vasco,Meia,Figueiredo,0.9,2,0,0,0,0,0,0,1,0,0,0,0,1,0,0,0,0,0,0,0,0,Palmeiras,1,0
385,Coritiba,Meia,Bruno Gomes,1.7,2,0,0,0,0,0,0,0,0,0,0,0,0,0,1,0,1,0,0,0,0,Fortaleza,1,0
386,Fortaleza,Meia,Caio Alexandre,10.0,2,0,1,0,0,0,0,4,0,0,0,0,1,0,0,0,1,0,0,0,0,Coritiba,0,1
387,Bragantino,Zagueiro,Eduardo Santos,5.0,2,0,1,0,0,0,0,0,0,0,0,0,0,0,0,0,0,0,0,0,0,Cuiabá,0,1
388,São Paulo,Meia,Rodrigo Nestor,2.2,2,0,0,0,0,0,0,2,0,0,0,0,2,0,0,0,1,0,1,0,0,América-MG,1,0
389,São Paulo,Lateral,Patryck,5.9,2,0,0,0,1,0,0,1,0,0,1,0,1,0,0,0,2,0,0,0,0,América-MG,1,0
390,Bragantino,Zagueiro,Natan,0.4,2,0,0,0,0,0,0,0,0,0,0,0,2,0,0,0,2,0,0,0,0,Cuiabá,0,1
391,Palmeiras,Meia,Richard Rios,2.7,2,0,0,0,0,0,0,0,0,0,0,0,0,0,1,0,3,0,0,0,0,Vasco,0,1
392,São Paulo,Meia,Michel Araújo,7.2,2,0,1,0,0,0,0,1,0,0,0,0,1,0,0,1,1,0,0,0,0,América-MG,1,0
393,Athlético-PR,Atacante,Rômulo,1.3,2,0,0,0,0,0,0,0,0,0,0,0,0,0,0,1,1,0,0,0,0,Fluminense,0,1
394,Palmeiras,Lateral,Gustavo Garcia,3.0,2,0,0,0,0,0,0,1,0,0,0,0,0,0,0,1,2,0,0,0,0,Vasco,0,1
395,Santos,Meia,Luan Dias,-1.6,2,0,0,0,0,0,0,0,0,0,1,0,2,0,0,0,0,0,0,0,0,Atlético-MG,1,0
396,Fluminense,Meia,André,4.9,2,0,0,0,0,0,0,2,0,0,0,0,2,0,0,2,3,0,0,0,0,Athlético-PR,1,0
397,Coritiba,Lateral,Natanael,10.9,2,0,0,1,0,0,0,6,0,0,0,0,5,0,1,0,2,0,0,0,0,Fortaleza,1,0
398,Santos,Lateral,Nathan,7.6,2,0,0,0,1,0,0,2,0,0,0,0,1,0,0,0,1,0,0,0,0,Atlético-MG,1,0
399,Corinthians,Meia,Chrystian Barletta,0.9,2,0,0,0,0,0,0,0,0,0,0,0,2,0,0,0,3,0,0,0,0,Goiás,0,1
400,Bahia,Meia,Diego Rosa,1.2,2,0,0,0,0,0,0,1,0,0,0,0,0,0,0,0,0,0,0,0,0,Botafogo,1,0
401,Corinthians,Meia,Fausto Vera,4.9,2,0,1,0,0,0,0,1,0,0,1,0,1,0,0,0,0,0,0,0,0,Goiás,0,1
402,Cuiabá,Atacante,Isidro Pitta,1.3,2,0,0,0,0,0,0,0,0,0,0,0,0,0,0,1,1,0,0,0,0,Bragantino,1,0
403,Grêmio,Meia,Gustavinho,0.5,2,0,0,0,0,0,0,0,0,0,0,0,0,0,0,0,1,0,0,0,0,Cruzeiro,0,1
404,Vasco,Meia,Galarza,0.0,2,0,0,0,0,0,0,0,0,0,0,0,0,0,0,0,0,0,0,0,0,Palmeiras,1,0
405,Botafogo,Atacante,Victor Sá,3.3,2,0,0,0,0,0,0,3,0,0,0,0,1,0,0,0,0,0,0,0,0,Bahia,0,1
406,Athlético-PR,Atacante,Thiago Andrade,0.8,2,0,0,0,0,0,0,0,0,0,0,0,0,0,0,1,0,0,0,0,0,Fluminense,0,1
407,Fortaleza,Meia,Calebe,-0.2,2,0,0,0,0,0,0,1,0,0,1,0,1,0,0,0,0,0,1,0,0,Coritiba,0,1
408,Santos,Atacante,Marcos Leonardo,3.1,2,0,0,0,0,0,0,1,0,0,0,0,1,0,1,0,2,0,0,0,0,Atlético-MG,1,0
409,Vasco,Meia,Andrey Santos,3.8,2,0,0,0,0,0,0,4,0,0,0,0,5,0,0,0,1,0,0,0,0,Palmeiras,1,0
410,Bahia,Lateral,Jhoanner Chávez,9.4,2,0,1,0,0,0,0,3,0,0,0,0,0,0,0,1,0,0,0,0,0,Botafogo,1,0
411,Botafogo,Meia,Matías Segovia,3.9,2,0,0,0,0,0,0,2,0,0,0,0,0,0,0,0,3,0,0,0,0,Bahia,0,1
412,Santos,Atacante,Ângelo,4.6,2,0,0,0,0,0,0,3,0,0,0,0,0,0,0,0,2,0,0,0,0,Atlético-MG,1,0
413,Palmeiras,Técnico,Abel Ferreira,5.21,2,0,0,0,0,0,0,0,0,0,0,0,0,0,0,0,0,0,0,0,0,Vasco,0,1
414,Fluminense,Meia,Gabriel Pirani,0.5,2,0,0,0,0,0,0,0,0,0,0,0,0,0,0,0,1,0,0,0,0,Athlético-PR,1,0
415,Atlético-MG,Lateral,Rubens,13.5,2,0,0,0,1,0,0,7,0,0,0,0,3,0,0,0,2,0,0,0,0,Santos,0,1
416,Fluminense,Atacante,John Kennedy,-0.3,2,0,0,0,0,0,0,0,0,0,0,0,1,0,0,0,0,0,0,0,0,Athlético-PR,1,0
417,Bahia,Atacante,Biel,0.7,2,0,0,0,0,0,0,0,0,0,1,0,0,0,1,0,1,0,0,0,0,Botafogo,1,0
418,Vasco,Meia,Orellano,0.0,2,0,0,0,0,0,0,0,0,0,0,0,0,0,0,0,0,0,0,0,0,Palmeiras,1,0
419,Bahia,Técnico,Renato Paiva,3.37,2,0,0,0,0,0,0,0,0,0,0,0,0,0,0,0,0,0,0,0,0,Botafogo,1,0
420,Athlético-PR,Lateral,Pedrinho,0.6,2,0,0,0,0,0,0,1,0,0,1,0,2,0,0,0,2,0,0,0,0,Fluminense,0,1
421,Bragantino,Atacante,Sorriso,1.7,2,0,0,0,0,0,0,0,0,0,0,0,0,0,1,0,1,0,0,0,0,Cuiabá,0,1
422,Coritiba,Zagueiro,Gustavo Vilar,0.0,2,0,0,0,0,0,0,0,0,0,0,0,0,0,0,0,0,0,0,0,0,Fortaleza,1,0
423,Palmeiras,Meia,Fabinho,3.8,2,0,0,0,0,0,0,3,0,0,0,0,1,0,0,0,1,0,0,0,0,Vasco,0,1
424,Vasco,Meia,Rodrigo,0.6,2,0,0,0,0,0,0,1,0,0,0,0,2,0,0,0,0,0,0,0,0,Palmeiras,1,0
425,Vasco,Meia,Marlon Gomes,2.9,2,0,0,0,0,0,0,2,0,0,0,0,0,0,0,0,1,0,0,0,0,Palmeiras,1,0
426,Bahia,Atacante,Arthur Sales,0.0,2,0,0,0,0,0,0,0,0,0,0,0,0,0,0,0,0,0,0,0,0,Botafogo,1,0
427,Bahia,Atacante,Kayky,0.8,2,0,0,0,0,0,0,0,0,0,0,0,0,0,0,1,0,0,0,0,0,Botafogo,1,0
428,Cuiabá,Lateral,Mateusinho,13.7,2,1,0,0,0,0,0,3,0,0,0,0,2,0,1,0,3,0,0,0,0,Bragantino,1,0
429,Goiás,Meia,Julián Palacios,5.4,2,0,1,0,0,0,0,0,0,0,1,0,3,0,0,1,3,0,0,0,0,Corinthians,1,0
430,São Paulo,Zagueiro,Lucas Beraldo,6.2,2,0,0,0,1,0,0,1,0,0,0,0,0,0,0,0,0,0,0,0,0,América-MG,1,0
431,Grêmio,Meia,Bitello,3.4,2,0,0,0,0,0,0,1,0,0,0,0,0,0,1,0,2,0,0,0,0,Cruzeiro,0,1
432,Cuiabá,Atacante,Emerson Negueba,2.3,2,0,0,0,0,0,0,0,0,0,0,0,1,0,0,2,2,0,0,0,0,Bragantino,1,0
433,Grêmio,Goleiro,Gabriel Grando,4.0,2,0,0,0,0,0,5,0,0,0,0,1,0,0,0,0,0,0,0,0,0,Cruzeiro,0,1
434,Vasco,Zagueiro,Capasso,0.0,2,0,0,0,0,0,0,0,0,0,0,0,0,0,0,0,0,0,0,0,0,Palmeiras,1,0
435,Palmeiras,Atacante,Flaco López,1.4,2,0,0,0,0,0,0,1,0,0,0,0,2,0,0,1,0,0,0,0,0,Vasco,0,1
436,São Paulo,Meia,Pablo Maia,1.3,2,0,0,0,0,0,0,2,0,0,1,0,3,0,0,1,0,0,0,0,0,América-MG,1,0
437,Corinthians,Meia,Du Queiroz,0.3,2,0,0,0,0,0,0,1,0,0,0,0,3,0,0,0,0,0,0,0,0,Goiás,0,1
438,Santos,Lateral,Lucas Pires,7.7,2,0,0,0,1,0,0,1,0,0,0,0,0,0,0,0,3,0,0,0,0,Atlético-MG,1,0
439,Athlético-PR,Atacante,Vitor Roque,1.0,2,0,0,0,0,0,0,0,0,0,0,0,1,0,0,1,1,0,0,0,0,Fluminense,0,1
440,Santos,Meia,Miguelito,2.0,2,0,0,0,0,0,0,1,0,0,0,0,0,0,0,1,0,0,0,0,0,Atlético-MG,1,0
441,Flamengo,Meia,Matheus França,4.8,2,0,0,1,0,0,0,2,0,0,0,0,2,0,0,0,0,0,0,0,0,Internacional,0,1
442,Flamengo,Lateral,Wesley,3.9,2,0,0,0,0,0,0,3,0,0,0,0,2,0,0,0,2,0,1,0,0,Internacional,0,1
443,Palmeiras,Meia,Jhon Jhon,0.0,2,0,0,0,0,0,0,0,0,0,0,0,0,0,0,0,0,0,0,0,0,Vasco,0,1
444,Fluminense,Atacante,Lelê,-0.3,2,0,0,0,0,0,0,0,0,0,0,0,1,0,0,0,0,0,0,0,0,Athlético-PR,1,0
445,Palmeiras,Atacante,Endrick,0.7,2,0,0,0,0,0,0,0,0,0,0,0,1,0,0,0,2,0,0,0,0,Vasco,0,1
446,Cuiabá,Meia,Denilson,0.9,2,0,0,0,0,0,0,1,0,0,1,0,2,0,0,1,1,0,0,0,0,Bragantino,1,0
447,América-MG,Atacante,Adyson,2.4,2,0,0,0,0,0,0,2,0,0,0,0,0,0,0,0,0,0,0,0,0,São Paulo,0,1
448,Fortaleza,Meia,Hércules,1.4,2,0,0,0,0,0,0,1,0,0,0,0,1,0,0,0,1,0,0,0,0,Coritiba,0,1
449,Coritiba,Lateral,Jamerson,2.3,2,0,0,0,0,0,0,1,0,0,0,0,0,0,1,0,0,0,1,0,0,Fortaleza,1,0
450,Santos,Meia,Daniel Ruiz,5.8,2,0,0,0,0,0,0,4,0,0,0,0,0,0,0,0,2,0,0,0,0,Atlético-MG,1,0
451,Bragantino,Atacante,Thiago Borbas,5.8,2,1,0,0,0,0,0,0,0,0,1,0,4,0,0,0,0,0,0,0,0,Cuiabá,0,1
452,Bragantino,Técnico,Pedro Caixinha,2.64,2,0,0,0,0,0,0,0,0,0,0,0,0,0,0,0,0,0,0,0,0,Cuiabá,0,1
453,Fluminense,Lateral,Alexsander,10.5,2,0,1,0,1,0,0,0,0,0,0,0,1,0,0,1,0,0,0,0,0,Athlético-PR,1,0
454,Coritiba,Atacante,Kaio César,3.1,2,0,0,0,0,0,0,1,0,0,0,0,1,0,1,0,2,0,0,0,0,Fortaleza,1,0
455,Cuiabá,Técnico,Ivo Vieira,3.45,2,0,0,0,0,0,0,0,0,0,0,0,0,0,0,0,0,0,0,0,0,Bragantino,1,0
456,Grêmio,Atacante,André,1.7,2,0,0,0,0,0,0,1,0,0,0,0,1,0,0,1,0,0,0,0,0,Cruzeiro,0,1
457,Bragantino,Meia,Gustavinho,-0.6,2,0,0,0,0,0,0,0,0,0,0,0,2,0,0,0,0,0,0,0,0,Cuiabá,0,1
458,Corinthians,Atacante,Pedro,2.6,2,0,0,0,0,0,0,0,0,0,0,0,2,0,1,0,4,0,0,0,0,Goiás,0,1
459,Grêmio,Atacante,Zinho,0.0,2,0,0,0,0,0,0,0,0,0,0,0,0,0,0,0,0,0,0,0,0,Cruzeiro,0,1
460,Bahia,Meia,Cauly,2.3,2,0,0,0,0,0,0,1,0,0,0,0,2,0,1,0,1,0,0,0,0,Botafogo,1,0
461,Palmeiras,Meia,Luis Guilherme,0.5,2,0,0,0,0,0,0,0,0,0,0,0,0,0,0,0,1,0,0,0,0,Vasco,0,1
462,Cruzeiro,Técnico,Pepa,8.05,2,0,0,0,0,0,0,0,0,0,0,0,0,0,0,0,0,0,0,0,0,Grêmio,1,0
463,Bragantino,Atacante,Henry Mosquera,-0.2,2,0,0,0,0,0,0,1,0,0,1,0,3,0,0,0,1,0,0,0,0,Cuiabá,0,1
464,Cuiabá,Zagueiro,Allyson,1.9,2,0,0,0,0,0,0,1,0,0,0,0,1,0,0,0,2,0,0,0,0,Bragantino,1,0
465,Internacional,Técnico,Mano Menezes,6.95,2,0,0,0,0,0,0,0,0,0,0,0,0,0,0,0,0,0,0,0,0,Flamengo,1,0
466,Fluminense,Goleiro,Fábio,7.0,2,0,0,0,1,0,2,0,0,0,0,0,0,0,0,0,0,0,0,0,0,Athlético-PR,1,0
467,Santos,Atacante,Bruno Mezenga,0.0,2,0,0,0,0,0,0,0,0,0,0,0,0,0,0,0,0,0,0,0,0,Atlético-MG,1,0
468,Corinthians,Lateral,Fábio Santos,4.0,2,0,0,0,0,0,0,3,0,0,1,0,2,0,0,0,4,0,0,0,0,Goiás,0,1
469,América-MG,Atacante,Wellington Paulista,0.0,2,0,0,0,0,0,0,0,0,0,0,0,0,0,0,0,0,0,0,0,0,São Paulo,0,1
470,Athlético-PR,Zagueiro,Thiago Heleno,3.6,2,0,0,0,0,0,0,3,0,0,0,0,0,0,0,0,0,0,0,0,0,Fluminense,0,1
471,Fluminense,Meia,Felipe Melo,0.5,2,0,0,0,0,0,0,0,0,0,0,0,0,0,0,0,1,0,0,0,0,Athlético-PR,1,0
472,Atlético-MG,Lateral,Mariano,3.1,2,0,0,0,1,0,0,0,0,0,1,0,3,0,0,0,0,0,0,0,0,Santos,0,1
473,Atlético-MG,Atacante,Hulk,4.0,2,0,0,0,0,0,0,0,0,0,0,0,2,0,2,1,3,0,1,0,0,Santos,0,1
474,América-MG,Técnico,Vagner Mancini,2.89,2,0,0,0,0,0,0,0,0,0,0,0,0,0,0,0,0,0,0,0,0,São Paulo,0,1
475,São Paulo,Técnico,Dorival Júnior,9.45,2,0,0,0,0,0,0,0,0,0,0,0,0,0,0,0,0,0,0,0,0,América-MG,1,0
476,Grêmio,Técnico,Renato Gaúcho,3.53,2,0,0,0,0,0,0,0,0,0,0,0,0,0,0,0,0,0,0,0,0,Cruzeiro,0,1
477,Corinthians,Goleiro,Cássio,1.0,2,0,0,0,0,0,4,0,0,0,0,3,0,0,0,0,0,0,0,0,0,Goiás,0,1
478,Corinthians,Técnico,Cuca,3.22,2,0,0,0,0,0,0,0,0,0,0,0,0,0,0,0,0,0,0,0,0,Goiás,0,1
479,Coritiba,Técnico,Leomir,3.3,2,0,0,0,0,0,0,0,0,0,0,0,0,0,0,0,0,0,0,0,0,Fortaleza,1,0
480,Fortaleza,Zagueiro,Titi,6.2,2,0,0,0,1,0,0,1,0,0,0,0,0,0,0,0,0,0,0,0,0,Coritiba,0,1
481,Goiás,Técnico,Emerson Ávila,6.35,2,0,0,0,0,0,0,0,0,0,0,0,0,0,0,0,0,0,0,0,0,Corinthians,1,0
482,Goiás,Lateral,Apodi,9.6,2,1,0,0,0,0,0,0,0,0,0,0,0,0,1,0,1,0,1,0,0,Corinthians,1,0
483,Cuiabá,Goleiro,Walter,0.0,2,0,0,0,0,0,1,0,0,0,0,1,0,0,0,0,0,0,0,0,0,Bragantino,1,0
484,Corinthians,Meia,Giuliano,2.2,2,0,0,0,0,0,0,1,0,0,0,0,1,0,0,1,1,0,0,0,0,Goiás,0,1
485,Flamengo,Meia,Everton Ribeiro,2.5,2,0,0,0,0,0,0,0,0,0,0,0,0,0,1,1,1,0,0,0,0,Internacional,0,1
486,Vasco,Meia,Alex Teixeira,6.9,2,0,1,0,0,0,0,1,0,0,0,0,2,0,0,1,1,0,0,0,0,Palmeiras,1,0
487,América-MG,Atacante,Felipe Azevedo,2.0,2,0,0,0,0,0,0,0,0,0,0,0,0,0,1,1,0,0,0,0,0,São Paulo,0,1
488,Cruzeiro,Atacante,Gilberto,2.4,2,0,0,0,0,0,0,1,0,0,1,0,2,0,1,2,0,0,0,0,0,Grêmio,1,0
489,Fluminense,Meia,Ganso,5.3,2,0,0,0,0,0,0,3,0,0,0,0,1,0,0,0,4,0,0,0,0,Athlético-PR,1,0
490,Coritiba,Meia,Willian Farias,0.0,2,0,0,0,0,0,0,0,0,0,0,0,0,0,0,0,0,0,0,0,0,Fortaleza,1,0
491,Atlético-MG,Meia,Edenílson,4.7,2,0,0,0,0,0,0,4,0,0,0,0,2,0,0,0,1,0,0,0,0,Santos,0,1
492,Internacional,Meia,Alan Patrick,3.7,2,0,0,0,0,0,0,2,0,0,0,0,0,0,0,1,1,0,0,0,0,Flamengo,1,0
493,Botafogo,Meia,Eduardo,0.4,2,0,0,0,0,0,0,0,0,0,0,0,2,0,0,0,2,0,0,0,0,Bahia,0,1
494,América-MG,Atacante,Henrique Almeida,-0.3,2,0,0,0,0,0,0,0,0,0,0,0,1,0,0,0,0,0,0,0,0,São Paulo,0,1
495,América-MG,Lateral,Nino Paraíba,3.9,2,0,0,0,0,0,0,1,0,0,0,0,0,0,1,0,3,0,0,0,0,São Paulo,0,1
496,Cuiabá,Atacante,Wellington Silva,0.0,2,0,0,0,0,0,0,0,0,0,0,0,0,0,0,0,0,0,0,0,0,Bragantino,1,0
497,Goiás,Atacante,Vinicius,6.9,2,0,0,0,0,0,0,4,0,0,0,0,1,0,1,1,1,0,1,0,0,Corinthians,1,0
498,Palmeiras,Atacante,Dudu,8.7,2,0,1,0,0,0,0,1,0,0,0,0,0,0,1,1,1,0,0,0,0,Vasco,0,1
499,Corinthians,Zagueiro,Gil,-0.3,2,0,0,0,0,0,0,0,0,0,0,0,1,0,0,0,0,0,0,0,0,Goiás,0,1
500,São Paulo,Goleiro,Rafael,12.0,2,0,0,0,1,0,7,0,0,0,0,0,0,0,0,0,0,0,0,0,0,América-MG,1,0
501,Cruzeiro,Goleiro,Rafael Cabral,12.5,2,0,0,0,1,0,7,0,0,0,0,0,0,0,0,0,1,0,0,0,0,Grêmio,1,0
502,Cruzeiro,Zagueiro,Luciano Castán,5.9,2,0,0,0,1,0,0,1,0,0,0,0,1,0,0,0,0,0,0,0,0,Grêmio,1,0
503,Flamengo,Atacante,Marinho,0.5,2,0,0,0,0,0,0,0,0,0,0,0,1,0,0,1,0,0,0,0,0,Internacional,0,1
504,Fortaleza,Meia,Lucas Sasha,-0.3,2,0,0,0,0,0,0,0,0,0,0,0,1,0,0,0,0,0,0,0,0,Coritiba,0,1
505,Flamengo,Goleiro,Santos,0.0,2,0,0,0,0,0,2,0,0,0,0,2,0,0,0,0,0,0,0,0,0,Internacional,0,1
506,Corinthians,Meia,Paulinho,2.4,2,0,0,0,0,0,0,2,0,0,0,0,0,0,0,0,0,0,0,0,0,Goiás,0,1
507,Atlético-MG,Atacante,Vargas,0.0,2,0,0,0,0,0,0,0,0,0,0,0,0,0,0,0,0,0,0,0,0,Santos,0,1
508,Athlético-PR,Atacante,Pablo,2.2,2,0,0,0,0,0,0,3,0,0,1,0,3,0,0,0,1,0,0,0,0,Fluminense,0,1
509,Grêmio,Atacante,Luis Suárez,2.6,2,0,0,0,0,0,0,0,0,0,1,0,0,0,2,0,3,0,3,0,0,Cruzeiro,0,1
510,Flamengo,Meia,Vidal,4.7,2,0,0,0,0,0,0,2,0,0,0,0,0,0,0,1,3,0,0,0,0,Internacional,0,1
511,Cruzeiro,Meia,Nikão,0.9,2,0,0,0,0,0,0,1,0,0,0,0,1,0,0,0,0,0,0,0,0,Grêmio,1,0
512,Botafogo,Lateral,Rafael,7.4,2,0,0,0,0,0,0,6,0,0,0,0,1,0,0,0,1,0,0,0,0,Bahia,0,1
513,Bragantino,Atacante,Eduardo Sasha,4.5,2,0,0,0,0,0,0,1,0,0,0,0,1,0,0,2,4,0,0,0,0,Cuiabá,0,1
514,Coritiba,Goleiro,Gabriel,3.0,2,0,0,0,0,0,6,0,0,0,0,3,0,0,0,0,0,0,0,0,0,Fortaleza,1,0
515,Cuiabá,Zagueiro,Marllon,5.0,2,0,1,0,0,0,0,0,0,0,1,0,1,0,0,1,1,0,0,0,0,Bragantino,1,0
516,Flamengo,Técnico,Jorge Sampaoli,3.64,2,0,0,0,0,0,0,0,0,0,0,0,0,0,0,0,0,0,0,0,0,Internacional,0,1
517,Grêmio,Lateral,Diogo Barbosa,1.4,2,0,0,0,0,0,0,1,0,0,0,0,1,0,0,0,1,0,0,0,0,Cruzeiro,0,1
518,Athlético-PR,Meia,Léo Cittadini,-0.9,2,0,0,0,0,0,0,0,0,0,0,0,3,0,0,0,0,0,0,0,0,Fluminense,0,1
519,Grêmio,Meia,Vina,2.7,2,0,0,0,0,0,0,0,0,0,0,0,0,0,1,0,3,0,0,0,0,Cruzeiro,0,1
520,Fortaleza,Goleiro,Fernando Miguel,12.0,2,0,0,0,1,0,7,0,0,0,0,0,0,0,0,0,0,0,0,0,0,Coritiba,0,1
521,Palmeiras,Goleiro,Weverton,-1.0,2,0,0,0,0,0,1,0,0,0,0,2,0,0,0,0,0,0,0,0,0,Vasco,0,1
522,Palmeiras,Zagueiro,Gustavo Gómez,2.6,2,0,0,0,0,0,0,2,0,0,0,0,1,0,0,0,1,0,0,0,0,Vasco,0,1
523,Coritiba,Meia,Júnior Urso,0.5,2,0,0,0,0,0,0,0,0,0,0,0,0,0,0,0,1,0,0,0,0,Fortaleza,1,0
524,Atlético-MG,Goleiro,Everson,7.0,2,0,0,0,1,0,2,0,0,0,0,0,0,0,0,0,0,0,0,0,0,Santos,0,1
525,Fluminense,Técnico,Fernando Diniz,7.96,2,0,0,0,0,0,0,0,0,0,0,0,0,0,0,0,0,0,0,0,0,Athlético-PR,1,0
526,Internacional,Meia,Gustavo Campanharo,7.4,2,0,0,0,0,0,0,6,0,0,1,0,4,0,2,0,0,0,0,0,0,Flamengo,1,0
527,Goiás,Lateral,Maguinho,-2.1,2,0,0,0,0,0,0,0,0,0,0,0,7,0,0,0,0,0,0,0,0,Corinthians,1,0
528,América-MG,Goleiro,Matheus Cavichioli,0.0,2,0,0,0,0,0,3,0,0,0,0,3,0,0,0,0,0,0,0,0,0,São Paulo,0,1
529,Internacional,Atacante,Pedro Henrique,2.6,2,0,0,0,0,0,0,1,0,0,0,0,2,0,0,2,1,0,1,0,0,Flamengo,1,0
530,Cuiabá,Meia,Ceppelini,-0.3,2,0,0,0,0,0,0,0,0,0,1,0,1,0,0,0,2,0,0,0,0,Bragantino,1,0
531,Internacional,Atacante,Luiz Adriano,0.0,2,0,0,0,0,0,0,0,0,0,0,0,0,0,0,0,0,0,0,0,0,Flamengo,1,0
532,Athlético-PR,Meia,Fernandinho,0.9,2,0,0,0,0,0,0,1,0,0,0,0,1,0,0,0,0,0,0,0,0,Fluminense,0,1
533,Internacional,Zagueiro,Mercado,-0.3,2,0,0,0,0,0,0,0,0,0,0,0,1,0,0,0,0,0,0,0,0,Flamengo,1,0
534,Fluminense,Lateral,Samuel Xavier,8.0,2,0,0,0,1,0,0,2,0,0,1,0,1,0,1,1,0,0,1,0,0,Athlético-PR,1,0
535,Internacional,Atacante,Jean Dias,6.7,2,0,1,0,0,0,0,1,0,0,0,0,0,0,0,0,1,0,0,0,0,Flamengo,1,0
536,Grêmio,Zagueiro,Bruno Alves,2.5,2,0,0,0,0,0,0,1,0,0,0,0,0,0,0,1,1,0,0,0,0,Cruzeiro,0,1
537,Flamengo,Zagueiro,Rodrigo Caio,0.0,2,0,0,0,0,0,0,0,0,0,0,0,0,0,0,0,0,0,0,0,0,Internacional,0,1
538,América-MG,Atacante,Aloísio,2.3,2,0,0,0,0,0,0,0,0,0,0,0,0,0,2,0,0,0,1,0,0,São Paulo,0,1
539,Athlético-PR,Lateral,Madson,2.9,2,0,0,0,0,0,0,1,0,0,0,0,0,0,0,1,2,0,1,0,0,Fluminense,0,1
540,Bahia,Atacante,Everaldo,0.9,2,0,0,0,0,0,0,0,0,0,0,0,1,0,1,0,0,0,0,0,0,Botafogo,1,0
541,Internacional,Lateral,Renê,3.9,2,0,0,0,0,0,0,2,0,0,0,0,1,0,0,1,2,0,0,0,0,Flamengo,1,0
542,Cuiabá,Atacante,Jonathan Cafu,1.6,2,0,0,0,0,0,0,1,0,0,0,0,0,0,0,0,1,0,1,0,0,Bragantino,1,0
543,Cruzeiro,Meia,Ramiro,2.0,2,0,0,0,0,0,0,1,0,0,1,0,2,0,0,3,0,0,0,0,0,Grêmio,1,0
544,Fluminense,Meia,Thiago Santos,-0.1,2,0,0,0,0,0,0,1,0,0,1,0,1,0,0,0,0,0,0,0,0,Athlético-PR,1,0
545,Botafogo,Zagueiro,Víctor Cuesta,0.9,2,0,0,0,0,0,0,1,0,0,0,0,1,0,0,0,0,0,0,0,0,Bahia,0,1
546,Fortaleza,Atacante,Silvio Romero,8.9,2,1,0,0,0,0,0,1,0,0,0,0,1,0,0,0,0,0,0,0,0,Coritiba,0,1
547,América-MG,Zagueiro,Ricardo Silva,0.9,2,0,0,0,0,0,0,0,0,0,0,0,2,0,0,0,3,0,0,0,0,São Paulo,0,1
548,Fluminense,Atacante,Cano,5.7,2,0,0,1,0,0,0,0,0,0,0,0,0,0,1,2,0,0,1,0,0,Athlético-PR,1,0
549,Grêmio,Meia,Lucas Silva,6.7,2,0,0,0,0,0,0,5,0,0,0,0,1,0,0,0,2,0,0,0,0,Cruzeiro,0,1
550,Fortaleza,Meia,Yago Pikachu,16.0,2,2,0,0,0,0,0,0,0,0,0,0,0,0,0,0,0,0,0,0,0,Coritiba,0,1
551,São Paulo,Atacante,Luciano,9.2,2,1,0,0,0,0,0,1,0,0,1,0,1,0,0,1,1,0,0,0,0,América-MG,1,0
552,Santos,Meia,Lucas Lima,7.0,2,0,0,0,0,0,0,3,0,0,0,0,1,0,1,0,5,0,0,0,0,Atlético-MG,1,0
553,Vasco,Meia,Jair,-0.3,2,0,0,0,0,0,0,0,0,0,1,0,1,0,0,0,2,0,0,0,0,Palmeiras,1,0
554,São Paulo,Meia,Alisson,5.8,2,0,1,0,0,0,0,0,0,0,0,0,0,0,0,1,0,0,0,0,0,América-MG,1,0
555,América-MG,Meia,Juninho,1.7,2,0,0,0,0,0,0,1,0,0,0,0,1,0,0,1,0,0,0,0,0,São Paulo,0,1
556,Goiás,Goleiro,Tadeu,0.5,2,0,0,0,0,0,1,0,0,0,0,1,0,0,0,0,1,0,0,0,0,Corinthians,1,0
557,Palmeiras,Meia,Zé Rafael,2.3,2,0,0,0,0,0,0,1,0,0,1,0,2,0,1,0,3,0,0,0,0,Vasco,0,1
558,Atlético-MG,Meia,Otávio,2.0,2,0,0,0,0,0,0,2,0,0,1,0,2,0,1,0,0,0,0,0,0,Santos,0,1
559,Fortaleza,Lateral,Tinga,8.2,2,0,0,0,1,0,0,1,0,0,0,0,0,0,1,1,0,0,0,0,0,Coritiba,0,1
560,Athlético-PR,Técnico,Paulo Turra,2.44,2,0,0,0,0,0,0,0,0,0,0,0,0,0,0,0,0,0,0,0,0,Fluminense,0,1
561,São Paulo,Meia,Wellington Rato,1.4,2,0,0,0,0,0,0,1,0,0,0,0,2,0,0,1,0,0,0,0,0,América-MG,1,0
562,Vasco,Técnico,Maurício Barbieri,3.88,2,0,0,0,0,0,0,0,0,0,0,0,0,0,0,0,0,0,0,0,0,Palmeiras,1,0
563,Flamengo,Atacante,Gabriel,2.5,2,0,0,0,0,0,0,0,0,0,0,0,0,0,1,1,1,0,0,0,0,Internacional,0,1
564,Atlético-MG,Meia,Patrick,2.9,2,0,0,0,0,0,0,2,0,0,0,0,0,0,0,0,1,0,0,0,0,Santos,0,1
565,Flamengo,Zagueiro,Léo Pereira,2.1,2,0,0,0,0,0,0,2,0,0,0,0,1,0,0,0,0,0,0,0,0,Internacional,0,1
566,Botafogo,Atacante,Tiquinho Soares,9.1,2,0,2,0,0,0,0,0,0,0,1,0,0,0,0,0,1,0,4,0,0,Bahia,0,1
567,Atlético-MG,Zagueiro,Jemerson,5.0,2,0,0,0,1,0,0,0,0,0,0,0,0,0,0,0,0,0,0,0,0,Santos,0,1
568,Goiás,Zagueiro,Bruno Melo,-0.2,2,0,0,0,0,0,0,1,0,0,1,0,1,0,0,0,0,0,1,0,0,Corinthians,1,0
569,Cuiabá,Meia,Fernando Sobral,2.1,2,0,0,0,0,0,0,2,0,0,0,0,1,0,0,0,0,0,0,0,0,Bragantino,1,0
570,Fortaleza,Atacante,Romarinho,1.7,2,0,0,0,0,0,0,0,0,0,0,0,0,0,1,0,1,0,0,0,0,Coritiba,0,1
571,Bragantino,Meia,Lucas Evangelista,3.7,2,0,0,0,0,0,0,1,0,0,0,0,1,0,0,1,4,0,0,0,0,Cuiabá,0,1
572,Coritiba,Atacante,Robson,1.2,2,0,0,0,0,0,0,0,0,0,0,0,0,0,1,0,0,0,0,0,0,Fortaleza,1,0
573,Bahia,Goleiro,Marcos Felipe,-1.0,2,0,0,0,0,0,1,0,0,0,0,2,0,0,0,0,0,0,0,0,0,Botafogo,1,0
574,Santos,Goleiro,João Paulo,10.0,2,0,0,0,1,0,5,0,0,0,0,0,0,0,0,0,0,0,0,0,0,Atlético-MG,1,0
575,Vasco,Zagueiro,Léo,1.0,2,0,0,0,0,0,0,0,0,0,0,0,0,0,0,0,2,0,0,0,0,Palmeiras,1,0
576,Atlético-MG,Meia,Hyoran,1.7,2,0,0,0,0,0,0,0,0,0,1,0,2,0,1,2,1,0,0,0,0,Santos,0,1
577,Goiás,Lateral,Sander,11.0,2,0,1,0,0,0,0,2,0,0,0,0,1,0,2,0,3,0,0,0,0,Corinthians,1,0
578,Fluminense,Atacante,Keno,-1.2,2,0,0,0,0,0,0,0,0,0,1,0,2,0,0,0,1,0,1,0,0,Athlético-PR,1,0
579,Botafogo,Meia,Tchê Tchê,9.7,2,1,0,0,0,0,0,1,0,0,0,0,0,0,0,0,1,0,0,0,0,Bahia,0,1
580,Cruzeiro,Meia,Richard Coelho,6.0,2,0,0,0,0,0,0,4,0,0,1,0,1,0,1,1,1,0,0,0,0,Grêmio,1,0
581,Flamengo,Atacante,Everton,-0.2,2,0,0,0,0,0,0,0,0,0,1,0,0,0,0,1,0,0,0,0,0,Internacional,0,1
582,Botafogo,Meia,Danilo Barbosa,1.5,2,0,0,0,0,0,0,0,0,0,0,0,0,0,0,0,3,0,0,0,0,Bahia,0,1
583,Coritiba,Atacante,Rodrigo Pinho,0.0,2,0,0,0,0,0,0,0,0,0,0,0,0,0,0,0,0,0,0,0,0,Fortaleza,1,0
584,Coritiba,Meia,Boschilia,4.1,2,0,0,0,0,0,0,1,0,0,0,0,0,0,0,3,1,0,0,0,0,Fortaleza,1,0
585,América-MG,Lateral,Marlon,4.9,2,0,0,0,0,0,0,2,0,0,0,0,1,0,0,1,4,0,0,0,0,São Paulo,0,1
586,Santos,Zagueiro,Eduardo Bauermann,7.0,2,0,0,0,1,0,0,1,0,0,0,0,0,0,0,1,0,0,0,0,0,Atlético-MG,1,0
587,Vasco,Goleiro,Léo Jardim,4.0,2,0,0,0,0,0,6,0,0,0,0,2,0,0,0,0,0,0,0,0,0,Palmeiras,1,0
588,Grêmio,Meia,Nathan,5.4,2,0,0,0,0,0,0,3,0,0,0,0,4,0,1,1,2,0,0,0,0,Cruzeiro,0,1
589,Goiás,Atacante,Matheus Peixoto,9.0,2,1,0,0,0,0,0,1,0,0,1,0,0,0,0,1,0,0,0,0,0,Corinthians,1,0
590,Athlético-PR,Zagueiro,Pedro Henrique,3.4,2,0,0,0,0,0,0,1,0,0,0,0,0,0,1,0,2,0,0,0,0,Fluminense,0,1
591,Internacional,Meia,Carlos de Pena,0.8,2,0,0,0,0,0,0,0,0,0,0,0,0,0,0,1,0,0,0,0,0,Flamengo,1,0
592,Grêmio,Zagueiro,Kannemann,0.4,2,0,0,0,0,0,0,1,0,0,1,0,1,0,0,0,1,0,0,0,0,Cruzeiro,0,1
593,Santos,Zagueiro,Messias,8.2,2,0,0,0,1,0,0,2,0,0,0,0,0,0,0,1,0,0,0,0,0,Atlético-MG,1,0
594,Athlético-PR,Meia,Vitor Bueno,2.5,2,0,0,0,0,0,0,1,0,0,0,0,0,0,0,1,1,0,0,0,0,Fluminense,0,1
595,Cruzeiro,Meia,Neto Moura,0.9,2,0,0,0,0,0,0,1,0,0,0,0,1,0,0,0,0,0,0,0,0,Grêmio,1,0
596,Bahia,Meia,Yago Felipe,1.7,2,0,0,0,0,0,0,2,0,0,0,0,4,0,0,0,1,0,0,0,0,Botafogo,1,0
597,Botafogo,Zagueiro,Philipe Sampaio,3.4,2,0,0,0,0,0,0,2,0,0,0,0,1,0,0,1,1,0,0,0,0,Bahia,0,1
598,Atlético-MG,Zagueiro,Mauricio Lemos,5.5,2,0,0,0,1,0,0,0,0,0,0,0,0,0,0,0,1,0,0,0,0,Santos,0,1
599,Corinthians,Zagueiro,Balbuena,0.9,2,0,0,0,0,0,0,1,0,0,0,0,1,0,0,0,0,0,0,0,0,Goiás,0,1
600,Botafogo,Técnico,Luís Castro,6.28,2,0,0,0,0,0,0,0,0,0,0,0,0,0,0,0,0,0,0,0,0,Bahia,0,1
601,Flamengo,Lateral,Ayrton Lucas,3.1,2,0,0,0,0,0,0,2,0,0,0,0,1,0,0,0,2,0,0,0,0,Internacional,0,1
602,Bragantino,Lateral,Aderlan,2.8,2,0,0,0,0,0,0,2,0,0,0,0,3,0,0,1,1,0,0,0,0,Cuiabá,0,1
603,Flamengo,Meia,Gerson,8.9,2,1,0,0,0,0,0,0,0,0,0,0,4,0,0,1,3,0,2,0,0,Internacional,0,1
604,Grêmio,Lateral,João Pedro,4.6,2,0,0,0,0,0,0,3,0,0,0,0,0,0,0,0,2,0,0,0,0,Cruzeiro,0,1
605,Cruzeiro,Lateral,William,10.0,2,0,0,0,1,0,0,3,0,0,0,0,2,0,0,0,4,0,0,0,0,Grêmio,1,0
606,Flamengo,Meia,Thiago Maia,2.4,2,0,0,0,0,0,0,2,0,0,0,0,0,0,0,0,0,0,0,0,0,Internacional,0,1
607,Cuiabá,Atacante,Iury Castilho,0.3,2,0,0,0,0,0,0,0,0,0,0,0,2,0,0,0,2,0,1,0,0,Bragantino,1,0
608,São Paulo,Atacante,Calleri,11.5,2,1,0,0,0,0,0,0,0,0,0,0,6,0,1,2,5,0,0,0,0,América-MG,1,0
609,Grêmio,Meia,Cristaldo,2.9,2,0,0,0,0,0,0,0,0,0,0,0,0,0,2,0,1,0,0,0,0,Cruzeiro,0,1
610,Santos,Meia,Dodi,-0.4,2,0,0,0,0,0,0,0,0,0,1,0,3,0,0,0,3,0,0,0,0,Atlético-MG,1,0
611,Corinthians,Atacante,Róger Guedes,12.5,2,1,0,0,0,0,0,1,0,0,0,0,3,0,0,4,2,0,0,0,0,Goiás,0,1
612,Grêmio,Atacante,Everton Galdino,0.0,2,0,0,0,0,0,0,0,0,0,0,0,0,0,0,0,0,0,0,0,0,Cruzeiro,0,1
613,Fortaleza,Lateral,Bruno Pacheco,10.5,2,0,0,0,1,0,0,3,0,0,0,0,2,0,1,1,1,0,0,0,0,Coritiba,0,1
614,São Paulo,Lateral,Raí Ramos,6.1,2,0,0,0,1,0,0,1,0,0,1,0,1,0,1,0,0,0,0,0,0,América-MG,1,0
615,Bahia,Meia,Rezende,1.0,2,0,0,0,0,0,0,0,0,0,0,0,1,0,0,1,1,0,0,0,0,Botafogo,1,0
616,Flamengo,Zagueiro,Fabrício Bruno,1.4,2,0,0,0,0,0,0,1,0,0,0,0,1,0,0,0,1,0,0,0,0,Internacional,0,1
617,América-MG,Atacante,Everaldo,5.8,2,0,0,1,0,0,0,1,0,0,1,0,1,0,1,1,2,0,1,0,0,São Paulo,0,1
618,Cuiabá,Lateral,PK,4.0,2,0,0,0,0,0,0,3,0,0,0,0,3,0,0,1,1,0,0,0,0,Bragantino,1,0
619,América-MG,Zagueiro,Éder,-0.6,2,0,0,0,0,0,0,0,0,0,1,0,3,0,0,1,1,0,0,0,0,São Paulo,0,1
620,Botafogo,Goleiro,Lucas Perri,3.0,2,0,0,0,0,0,4,0,0,0,0,1,0,0,0,0,0,0,0,0,0,Bahia,0,1
621,São Paulo,Zagueiro,Arboleda,7.0,2,0,0,0,1,0,0,1,0,0,0,0,0,0,0,1,0,0,0,0,0,América-MG,1,0
622,Botafogo,Zagueiro,Adryelson,0.5,2,0,0,0,0,0,0,0,0,0,0,0,0,0,0,0,1,0,0,0,0,Bahia,0,1
623,Cruzeiro,Lateral,Marlon,6.7,2,0,0,0,1,0,0,3,0,0,1,0,3,0,0,0,0,0,0,0,0,Grêmio,1,0
624,Fluminense,Zagueiro,Nino,15.4,2,1,0,0,1,0,0,1,0,0,0,0,1,0,0,0,3,0,0,0,0,Athlético-PR,1,0
625,Bahia,Zagueiro,David Duarte,1.2,2,0,0,0,0,0,0,1,0,0,0,0,0,0,0,0,0,0,0,0,0,Botafogo,1,0
626,Atlético-MG,Atacante,Pavón,1.2,2,0,0,0,0,0,0,0,0,0,0,0,0,0,1,0,0,0,0,0,0,Santos,0,1
627,Santos,Técnico,Odair Hellmann,6.32,2,0,0,0,0,0,0,0,0,0,0,0,0,0,0,0,0,0,0,0,0,Atlético-MG,1,0
628,Coritiba,Zagueiro,Bruno Viana,1.7,2,0,0,0,0,0,0,1,0,0,0,0,0,0,0,0,1,0,0,0,0,Fortaleza,1,0
629,Cuiabá,Atacante,Deyverson,0.9,2,0,0,0,0,0,0,0,0,0,0,0,1,0,0,1,1,0,1,0,0,Bragantino,1,0
630,Cruzeiro,Atacante,Bruno Rodrigues,12.6,2,1,0,0,0,0,0,1,0,0,0,0,2,0,2,2,0,0,0,0,0,Grêmio,1,0
631,Corinthians,Atacante,Júnior Moraes,0.2,2,0,0,0,0,0,0,0,0,0,0,0,1,0,0,0,1,0,0,0,0,Goiás,0,1
632,Cruzeiro,Meia,Mateus Vital,6.5,2,0,0,0,0,0,0,3,0,0,0,0,1,0,1,2,1,0,1,0,0,Grêmio,1,0
633,Internacional,Atacante,Wanderson,11.7,2,0,1,0,0,0,0,5,0,0,0,0,1,0,0,0,2,0,0,0,0,Flamengo,1,0
634,Santos,Lateral,Gabriel Inocêncio,5.0,2,0,0,0,1,0,0,0,0,0,0,0,0,0,0,0,0,0,0,0,0,Atlético-MG,1,0
635,Coritiba,Meia,Andrey,0.5,2,0,0,0,0,0,0,0,0,0,0,0,1,0,0,1,0,0,0,0,0,Fortaleza,1,0
636,Botafogo,Meia,Marlon Freitas,0.0,2,0,0,0,0,0,0,0,0,0,0,0,0,0,0,0,0,0,0,0,0,Bahia,0,1
637,Bahia,Meia,Daniel,1.2,2,0,0,0,0,0,0,1,0,0,0,0,0,0,0,0,0,0,0,0,0,Botafogo,1,0
638,América-MG,Lateral,Marcinho,0.0,2,0,0,0,0,0,0,0,0,0,0,0,0,0,0,0,0,0,0,0,0,São Paulo,0,1
639,Internacional,Goleiro,Keiller,2.0,2,0,0,0,0,0,3,0,0,0,0,1,0,0,0,0,0,0,0,0,0,Flamengo,1,0
640,América-MG,Meia,Matheusinho,4.2,2,0,0,0,0,0,0,2,0,0,0,0,1,0,1,0,2,0,1,0,0,São Paulo,0,1
641,Bragantino,Meia,Matheus Fernandes,2.4,2,0,0,0,0,0,0,2,0,0,0,0,0,0,0,0,0,0,0,0,0,Cuiabá,0,1
642,Corinthians,Meia,Maycon,0.5,2,0,0,0,0,0,0,0,0,0,0,0,1,0,0,1,0,0,0,0,0,Goiás,0,1
643,Fortaleza,Atacante,Guilherme,11.7,2,0,1,0,0,0,0,3,0,0,0,0,3,0,1,1,4,0,0,0,0,Coritiba,0,1
644,Cruzeiro,Zagueiro,Oliveira,1.4,2,0,0,0,1,0,0,0,0,1,0,0,2,0,0,0,0,0,0,0,0,Grêmio,1,0
645,Flamengo,Atacante,Pedro,3.4,2,0,0,0,0,0,0,1,0,0,0,0,1,0,1,1,1,0,0,0,0,Internacional,0,1
646,Atlético-MG,Técnico,Eduardo Coudet,6.23,2,0,0,0,0,0,0,0,0,0,0,0,0,0,0,0,0,0,0,0,0,Santos,0,1
647,Botafogo,Meia,Lucas Fernandes,0.2,2,0,0,0,0,0,0,0,0,0,0,0,1,0,0,0,1,0,0,0,0,Bahia,0,1
648,Bragantino,Lateral,Juninho Capixaba,1.1,2,0,0,0,0,0,0,2,0,0,1,0,1,0,0,0,0,0,0,0,0,Cuiabá,0,1
649,Cuiabá,Meia,Raniele,4.0,2,0,0,0,0,0,0,3,0,0,0,0,2,0,0,0,2,0,0,0,0,Bragantino,1,0
650,América-MG,Meia,Lucas Kal,-0.1,2,0,0,0,0,0,0,0,0,0,1,0,1,0,1,0,0,0,0,0,0,São Paulo,0,1
651,Palmeiras,Atacante,Artur,10.9,2,1,0,0,0,0,0,0,0,0,0,0,0,0,2,0,1,0,0,0,0,Vasco,0,1
652,Cruzeiro,Meia,Machado,6.1,2,0,1,0,0,0,0,1,0,0,0,0,2,0,0,0,1,0,0,0,0,Grêmio,1,0
653,Fluminense,Meia,Lima,14.1,2,1,0,0,0,0,0,2,0,0,0,0,0,0,1,0,5,0,0,0,0,Athlético-PR,1,0
654,Atlético-MG,Lateral,Saravia,5.3,2,0,0,0,1,0,0,1,0,0,0,0,3,0,0,0,0,0,0,0,0,Santos,0,1
655,Palmeiras,Zagueiro,Murilo,-1.9,2,0,0,0,0,0,0,0,0,0,1,0,3,0,0,0,0,0,0,0,0,Vasco,0,1
656,Internacional,Zagueiro,Vitão,0.4,2,0,0,0,0,0,0,1,0,0,1,0,1,0,0,0,1,0,0,0,0,Flamengo,1,0
657,Athlético-PR,Meia,Erick,-1.7,2,0,0,0,0,0,0,0,0,0,1,0,4,0,0,0,1,0,0,0,0,Fluminense,0,1
658,Internacional,Atacante,Alemão,2.6,2,0,0,0,0,0,0,1,0,0,0,0,1,0,0,1,2,0,1,0,0,Flamengo,1,0
659,Vasco,Atacante,Pedro Raul,8.9,2,1,0,0,0,0,0,0,0,0,1,0,1,0,1,0,2,0,0,0,0,Palmeiras,1,0
660,Botafogo,Lateral,Di Placido,1.1,2,0,0,0,0,0,0,1,0,0,1,0,1,0,1,0,0,0,0,0,0,Bahia,0,1
661,Coritiba,Zagueiro,Kuscevic,2.6,2,0,0,0,0,0,0,2,0,0,0,0,1,0,0,0,1,0,0,0,0,Fortaleza,1,0
662,Athlético-PR,Atacante,Cuello,2.3,2,0,0,0,0,0,0,1,0,0,0,0,2,0,1,0,1,0,0,0,0,Fluminense,0,1
663,São Paulo,Meia,Gabriel,1.7,2,0,0,0,0,0,0,1,0,0,0,0,0,0,0,0,1,0,0,0,0,América-MG,1,0
664,Vasco,Lateral,Puma Rodríguez,3.4,2,0,0,0,0,0,0,2,0,0,0,0,2,0,0,2,0,0,0,0,0,Palmeiras,1,0
665,Santos,Meia,Rodrigo Fernández,3.5,2,0,0,0,0,0,0,3,0,0,1,0,3,0,0,1,2,0,0,0,0,Atlético-MG,1,0
666,Fortaleza,Meia,Pochettino,2.5,2,0,0,0,0,0,0,1,0,0,0,0,0,0,0,1,1,0,0,0,0,Coritiba,0,1
667,Goiás,Meia,Morelli,4.3,2,0,0,0,0,0,0,2,0,0,0,0,1,0,0,1,3,0,1,0,0,Corinthians,1,0
668,Internacional,Meia,Baralhas,0.9,2,0,0,0,0,0,0,1,0,0,0,0,1,0,0,0,0,0,0,0,0,Flamengo,1,0
669,Fluminense,Meia,Arias,1.6,2,0,0,0,0,0,0,1,0,0,0,0,2,0,0,0,2,0,0,0,0,Athlético-PR,1,0
670,Atlético-MG,Atacante,Paulinho,3.6,2,0,0,0,0,0,0,2,0,0,0,0,0,0,1,0,0,0,0,0,0,Santos,0,1
671,Goiás,Meia,Jhonny Lucas,0.8,2,0,0,0,0,0,0,0,0,0,0,0,0,0,0,1,0,0,0,0,0,Corinthians,1,0
672,Atlético-MG,Meia,Zaracho,-0.3,3,0,0,0,0,0,0,0,0,0,0,0,1,0,0,0,0,0,0,0,0,Athlético-PR,1,0
673,Corinthians,Atacante,Yuri Alberto,0.2,3,0,0,0,0,0,0,0,0,0,0,0,2,0,0,1,0,0,0,0,0,Palmeiras,0,1
674,Cuiabá,Meia,Ronald Lopes,1.0,3,0,0,0,0,0,0,1,0,0,1,0,0,0,0,1,0,0,0,0,0,Grêmio,1,0
675,Botafogo,Atacante,Júnior Santos,1.7,3,0,0,0,0,0,0,1,0,0,0,0,1,0,0,1,0,0,0,0,0,Flamengo,0,1
676,Goiás,Meia,Diego,4.6,3,0,0,0,0,0,0,3,0,0,0,0,0,0,0,0,2,0,0,0,0,Internacional,0,1
677,Bahia,Atacante,Vitor Jacaré,6.9,3,0,0,1,0,0,0,3,0,0,1,0,0,0,0,1,1,0,0,0,0,Vasco,0,1
678,Coritiba,Atacante,Alef Manga,13.6,3,0,1,0,0,0,0,3,0,0,0,0,2,0,3,2,1,0,1,0,0,São Paulo,1,0
679,Bahia,Atacante,Ademir,1.7,3,0,0,0,0,0,0,0,0,0,1,0,2,0,0,1,5,0,0,0,0,Vasco,0,1
680,Fluminense,Lateral,Guga,1.4,3,0,0,0,0,0,0,1,0,0,0,0,1,0,0,0,1,0,0,0,0,Fortaleza,0,1
681,Vasco,Zagueiro,Robson Bambu,3.4,3,0,0,0,0,0,0,2,0,0,0,0,0,0,0,0,2,0,0,0,0,Bahia,1,0
682,Athlético-PR,Meia,Hugo Moura,3.2,3,0,0,0,0,0,0,2,0,0,0,0,0,0,0,1,0,0,0,0,0,Atlético-MG,0,1
683,São Paulo,Zagueiro,Diego Costa,0.5,3,0,0,0,0,0,0,0,0,0,0,0,1,0,0,1,0,0,0,0,0,Coritiba,0,1
684,Fortaleza,Zagueiro,Brítez,2.9,3,0,0,0,0,0,0,2,0,0,0,0,0,0,0,0,1,0,0,0,0,Fluminense,1,0
685,Palmeiras,Lateral,Piquerez,-1.4,3,0,0,0,0,0,0,2,1,0,1,0,2,0,0,1,0,0,0,0,0,Corinthians,1,0
686,Goiás,Zagueiro,Lucas Halter,2.9,3,0,0,0,0,0,0,2,0,0,0,0,1,0,0,1,0,0,0,0,0,Internacional,0,1
687,América-MG,Atacante,Mikael,2.4,3,0,0,0,0,0,0,1,0,0,0,0,0,0,1,0,0,0,0,0,0,Santos,0,1
688,São Paulo,Lateral,Caio Paulista,8.8,3,0,1,0,0,0,0,2,0,0,0,0,2,0,0,0,4,0,0,0,0,Coritiba,0,1
689,Bragantino,Atacante,Helinho,1.1,3,0,0,0,0,0,0,0,0,0,1,0,3,0,1,1,2,0,0,0,0,Cruzeiro,1,0
690,Athlético-PR,Meia,Terans,1.6,3,0,0,0,0,0,0,0,0,0,0,0,0,0,1,0,1,0,1,0,0,Atlético-MG,0,1
691,São Paulo,Meia,Luan,1.2,3,0,0,0,0,0,0,1,0,0,0,0,0,0,0,0,0,0,0,0,0,Coritiba,0,1
692,Goiás,Meia,Zé Ricardo,5.0,3,0,0,0,0,0,0,3,0,0,0,0,2,0,0,0,4,0,0,0,0,Internacional,0,1
693,Athlético-PR,Atacante,Canobbio,-0.1,3,0,0,0,0,0,0,0,0,0,1,0,0,0,0,0,2,0,1,0,0,Atlético-MG,0,1
694,Bragantino,Meia,Eric Ramires,-1.2,3,0,0,0,0,0,0,0,0,0,0,0,4,0,0,0,0,0,0,0,0,Cruzeiro,1,0
695,Cuiabá,Lateral,Matheus Alexandre,0.0,3,0,0,0,0,0,0,0,0,0,0,0,0,0,0,0,0,0,0,0,0,Grêmio,1,0
696,América-MG,Meia,Emmanuel Martínez,1.9,3,0,0,0,0,0,0,0,0,0,0,0,1,0,1,0,2,0,0,0,0,Santos,0,1
697,Cruzeiro,Atacante,Rafael Bilu,3.8,3,0,0,0,0,0,0,2,0,0,0,0,0,0,0,0,3,0,1,0,0,Bragantino,0,1
698,São Paulo,Atacante,Marcos Paulo,8.9,3,1,0,0,0,0,0,0,0,0,0,0,1,0,0,1,1,0,1,0,0,Coritiba,0,1
699,Bragantino,Meia,Jadsom Silva,-0.1,3,0,0,0,0,0,0,1,0,0,1,0,1,0,0,0,0,0,0,0,0,Cruzeiro,1,0
700,Palmeiras,Meia,Gabriel Menino,3.3,3,0,0,0,0,0,0,1,0,0,0,0,1,0,0,3,0,0,0,0,0,Corinthians,1,0
701,Atlético-MG,Zagueiro,Bruno Fuchs,0.0,3,0,0,0,0,0,0,0,0,0,0,0,0,0,0,0,0,0,0,0,0,Athlético-PR,1,0
702,Internacional,Zagueiro,Igor Gomes,5.9,3,0,0,0,1,0,0,1,0,0,0,0,1,0,0,0,0,0,0,0,0,Goiás,1,0
703,Fortaleza,Atacante,Moisés,22.2,3,2,0,0,0,0,0,0,0,0,0,0,1,0,5,0,1,0,0,0,0,Fluminense,1,0
704,Fortaleza,Técnico,Juan Vojvoda,8.0,3,0,0,0,0,0,0,0,0,0,0,0,0,0,0,0,0,0,0,0,0,Fluminense,1,0
705,Bahia,Meia,Acevedo,4.6,3,0,0,0,0,0,0,4,0,0,1,0,4,0,0,0,4,0,0,0,0,Vasco,0,1
706,Botafogo,Atacante,Luis Henrique,1.7,3,0,0,0,0,0,0,0,0,0,0,0,0,0,1,0,1,0,0,0,0,Flamengo,0,1
707,Athlético-PR,Lateral,Khellven,1.7,3,0,0,0,0,0,0,1,0,0,0,0,0,0,0,0,1,0,0,0,0,Atlético-MG,0,1
708,Athlético-PR,Goleiro,Bento,2.0,3,0,0,0,0,0,4,0,0,0,0,2,0,0,0,0,0,0,0,0,0,Atlético-MG,0,1
709,Corinthians,Lateral,Matheus Bidu,5.8,3,0,0,0,0,0,0,4,0,0,0,0,0,0,0,0,2,0,0,0,0,Palmeiras,0,1
710,Vasco,Lateral,Lucas Piton,3.7,3,0,0,0,0,0,0,3,0,0,0,0,1,0,0,0,1,0,1,0,0,Bahia,1,0
711,Corinthians,Meia,Roni,-0.5,3,0,0,0,0,0,0,0,0,0,0,0,5,0,0,0,2,0,0,0,0,Palmeiras,0,1
712,Internacional,Meia,Maurício,3.9,3,0,0,0,0,0,0,0,0,0,0,0,0,0,0,3,3,0,0,0,0,Goiás,1,0
713,Palmeiras,Atacante,Rafael Navarro,3.0,3,0,0,1,0,0,0,0,0,0,1,0,0,0,0,0,2,0,0,0,0,Corinthians,1,0
714,Internacional,Meia,Johnny,0.8,3,0,0,0,0,0,0,1,0,0,0,0,3,0,0,0,1,0,0,0,0,Goiás,1,0
715,Bragantino,Goleiro,Lucão,-1.0,3,0,0,0,0,0,2,0,0,0,0,3,0,0,0,0,0,0,0,0,0,Cruzeiro,1,0
716,Vasco,Atacante,Gabriel Pec,5.7,3,0,0,0,0,0,0,1,0,0,0,0,1,0,1,2,4,0,0,0,0,Bahia,1,0
717,Coritiba,Meia,Bruno Gomes,8.8,3,1,0,0,0,0,0,2,0,0,1,0,2,0,0,0,0,0,0,0,0,São Paulo,1,0
718,Fortaleza,Meia,Caio Alexandre,1.4,3,0,0,0,0,0,0,1,0,0,0,0,1,0,0,0,1,0,0,0,0,Fluminense,1,0
719,Bragantino,Zagueiro,Eduardo Santos,2.4,3,0,0,0,0,0,0,1,0,0,0,0,0,0,1,0,0,0,0,0,0,Cruzeiro,1,0
720,São Paulo,Meia,Rodrigo Nestor,8.7,3,0,0,1,0,0,0,3,0,0,0,0,0,0,0,2,1,0,0,0,0,Coritiba,0,1
721,São Paulo,Atacante,Juan,0.0,3,0,0,0,0,0,0,0,0,0,0,0,0,0,0,0,0,0,0,0,0,Coritiba,0,1
722,Bragantino,Zagueiro,Natan,0.6,3,0,0,0,0,0,0,1,0,0,0,0,2,0,0,0,0,0,0,0,0,Cruzeiro,1,0
723,Palmeiras,Meia,Richard Ríos,0.0,3,0,0,0,0,0,0,0,0,0,0,0,0,0,0,0,0,0,0,0,0,Corinthians,1,0
724,São Paulo,Meia,Michel Araújo,-1.6,3,0,0,0,0,0,0,0,0,0,1,0,2,0,0,0,0,0,0,0,0,Coritiba,0,1
725,Athlético-PR,Goleiro,Léo Linck,-1.0,3,0,0,0,0,0,0,0,0,0,1,0,0,0,0,0,0,0,0,0,0,Atlético-MG,0,1
726,Athlético-PR,Atacante,Rômulo,0.0,3,0,0,0,0,0,0,0,0,0,0,0,0,0,0,0,0,0,0,0,0,Atlético-MG,0,1
727,Palmeiras,Lateral,Gustavo Garcia,0.9,3,0,0,0,0,0,0,1,0,0,0,0,1,0,0,0,0,0,0,0,0,Corinthians,1,0
728,Fluminense,Meia,André,4.1,3,0,0,0,0,0,0,3,0,0,0,0,0,0,0,0,1,0,0,0,0,Fortaleza,0,1
729,Coritiba,Lateral,Natanael,10.3,3,0,0,0,0,0,0,8,0,0,0,0,2,0,0,1,1,0,0,0,0,São Paulo,1,0
730,Santos,Lateral,Nathan,-0.4,3,0,0,0,0,0,0,1,0,0,1,0,2,0,0,0,0,0,0,0,0,América-MG,1,0
731,Bahia,Meia,Diego Rosa,0.9,3,0,0,0,0,0,0,0,0,0,0,0,1,0,1,0,0,0,0,0,0,Vasco,0,1
732,Internacional,Meia,Matheus Dias,2.1,3,0,0,0,0,0,0,2,0,0,0,0,1,0,0,0,0,0,0,0,0,Goiás,1,0
733,Corinthians,Meia,Fausto Vera,0.0,3,0,0,0,0,0,0,0,0,0,0,0,0,0,0,0,0,0,0,0,0,Palmeiras,0,1
734,Cuiabá,Atacante,Isidro Pitta,0.0,3,0,0,0,0,0,0,0,0,0,0,0,0,0,0,0,0,0,0,0,0,Grêmio,1,0
735,Botafogo,Atacante,Victor Sá,3.9,3,0,0,0,0,0,0,1,0,0,0,0,0,0,1,0,1,0,0,0,1,Flamengo,0,1
736,Athlético-PR,Atacante,Thiago Andrade,0.0,3,0,0,0,0,0,0,0,0,0,0,0,0,0,0,0,0,0,0,0,0,Atlético-MG,0,1
737,Fortaleza,Meia,Calebe,4.1,3,0,0,0,0,0,0,1,0,0,0,0,0,0,2,0,1,0,0,0,0,Fluminense,1,0
738,Santos,Atacante,Marcos Leonardo,10.4,3,1,0,0,0,0,0,0,0,0,0,0,1,0,1,0,3,0,0,0,0,América-MG,1,0
739,Vasco,Meia,Andrey Santos,1.0,3,0,0,0,0,0,0,1,0,0,1,0,3,0,1,0,1,0,0,0,0,Bahia,1,0
740,Bahia,Lateral,Jhoanner Chávez,5.6,3,0,0,0,1,0,0,1,0,0,0,0,2,0,0,0,0,0,0,0,0,Vasco,0,1
741,Santos,Atacante,Ângelo,1.2,3,0,0,0,0,0,0,1,0,0,0,0,0,0,0,0,0,0,0,0,0,América-MG,1,0
742,Palmeiras,Técnico,Abel Ferreira,5.66,3,0,0,0,0,0,0,0,0,0,0,0,0,0,0,0,0,0,0,0,0,Corinthians,1,0
743,Fluminense,Meia,Gabriel Pirani,0.0,3,0,0,0,0,0,0,0,0,0,1,0,1,0,0,1,1,0,0,0,0,Fortaleza,0,1
744,Bragantino,Lateral,Andrés Hurtado,2.1,3,0,0,0,0,0,0,2,0,0,0,0,1,0,0,0,0,0,0,0,0,Cruzeiro,1,0
745,Atlético-MG,Lateral,Rubens,4.2,3,0,0,0,0,0,0,4,0,0,0,0,2,0,0,0,0,0,0,0,0,Athlético-PR,1,0
746,Fluminense,Atacante,John Kennedy,11.4,3,1,0,1,0,0,0,0,0,0,1,0,2,0,1,1,0,0,0,0,0,Fortaleza,0,1
747,Bahia,Atacante,Biel,0.2,3,0,0,0,0,0,0,0,0,0,0,0,1,0,0,0,1,0,0,0,0,Vasco,0,1
748,Vasco,Meia,Orellano,3.9,3,0,0,0,0,0,0,1,0,0,0,0,0,0,1,0,3,0,0,0,0,Bahia,1,0
749,Bahia,Técnico,Renato Paiva,7.01,3,0,0,0,0,0,0,0,0,0,0,0,0,0,0,0,0,0,0,0,0,Vasco,0,1
750,Athlético-PR,Lateral,Pedrinho,0.5,3,0,0,0,0,0,0,0,0,0,0,0,0,0,0,0,1,0,0,0,0,Atlético-MG,0,1
751,Bragantino,Atacante,Sorriso,1.2,3,0,0,0,0,0,0,0,0,0,0,0,0,0,1,0,0,0,0,0,0,Cruzeiro,1,0
752,Corinthians,Meia,Adson,6.3,3,0,0,0,0,0,0,2,0,0,0,0,0,0,2,0,3,0,0,0,0,Palmeiras,0,1
753,Palmeiras,Atacante,Giovani,0.8,3,0,0,0,0,0,0,0,0,0,0,0,0,0,0,1,0,0,0,0,0,Corinthians,1,0
754,Vasco,Meia,Rodrigo,-0.6,3,0,0,0,0,0,0,0,0,0,0,0,2,0,0,0,0,0,0,0,0,Bahia,1,0
755,Vasco,Meia,Marlon Gomes,2.8,3,0,0,0,0,0,0,2,0,0,0,0,3,0,0,1,1,0,0,0,0,Bahia,1,0
756,Bahia,Atacante,Arthur Sales,1.4,3,0,0,0,0,0,0,0,0,0,0,0,1,0,1,0,1,0,0,0,0,Vasco,0,1
757,Grêmio,Lateral,Thomas Luciano,0.5,3,0,0,0,0,0,0,0,0,0,0,0,0,0,0,0,1,0,0,0,0,Cuiabá,0,1
758,Cuiabá,Lateral,Mateusinho,5.6,3,0,0,0,0,0,0,5,0,0,0,0,3,0,0,0,1,0,0,0,0,Grêmio,1,0
759,Goiás,Meia,Julián Palacios,2.6,3,0,0,0,0,0,0,0,0,0,0,0,0,0,0,2,2,0,0,0,0,Internacional,0,1
760,São Paulo,Zagueiro,Lucas Beraldo,1.7,3,0,0,0,0,0,0,1,0,0,0,0,1,0,0,1,0,0,0,0,0,Coritiba,0,1
761,Grêmio,Meia,Bitello,3.3,3,0,0,0,0,0,0,2,0,0,1,0,1,0,0,1,3,0,1,0,0,Cuiabá,0,1
762,Cuiabá,Atacante,Emerson Negueba,1.7,3,0,0,0,0,0,0,0,0,0,0,0,0,0,0,1,2,0,1,0,0,Grêmio,1,0
763,Grêmio,Goleiro,Gabriel Grando,2.5,3,0,0,0,0,0,3,0,0,0,0,1,0,0,0,0,1,0,0,0,0,Cuiabá,0,1
764,São Paulo,Meia,Pablo Maia,3.5,3,0,0,0,0,0,0,3,0,0,0,0,2,0,0,0,1,0,0,0,0,Coritiba,0,1
765,Bragantino,Meia,Bruninho,1.2,3,0,0,0,0,0,0,0,0,0,0,0,0,0,1,0,0,0,0,0,0,Cruzeiro,1,0
766,Corinthians,Meia,Du Queiroz,0.1,3,0,0,0,0,0,0,1,0,0,1,0,2,0,0,0,1,0,0,0,0,Palmeiras,0,1
767,Santos,Lateral,Lucas Pires,2.1,3,0,0,0,0,0,0,2,0,0,0,0,1,0,0,0,0,0,0,0,0,América-MG,1,0
768,Athlético-PR,Atacante,Vitor Roque,10.5,3,1,0,0,0,0,0,1,0,0,0,0,4,0,0,0,5,0,0,0,0,Atlético-MG,0,1
769,Flamengo,Meia,Matheus França,1.3,3,0,0,0,0,0,0,0,0,0,0,0,0,0,0,1,1,0,0,0,0,Botafogo,1,0
770,Flamengo,Lateral,Wesley,-0.3,3,0,0,0,0,0,0,0,0,0,0,0,3,1,1,0,1,0,1,0,0,Botafogo,1,0
771,Palmeiras,Meia,Jhon Jhon,1.2,3,0,0,0,0,0,0,0,0,0,0,0,0,0,1,0,0,0,0,0,0,Corinthians,1,0
772,Vasco,Atacante,Rwan,-0.6,3,0,0,0,0,0,0,0,0,0,0,0,2,0,0,0,0,0,0,0,0,Bahia,1,0
773,América-MG,Lateral,Arthur,1.6,3,0,0,0,0,0,0,2,0,0,0,0,6,0,0,0,2,0,0,0,0,Santos,0,1
774,Grêmio,Meia,Mila,-0.8,3,0,0,0,0,0,0,0,0,0,1,0,2,0,0,1,0,0,0,0,0,Cuiabá,0,1
775,Fluminense,Atacante,Lelê,1.3,3,0,0,0,0,0,0,0,0,0,0,0,1,0,0,2,0,0,0,0,0,Fortaleza,0,1
776,Cuiabá,Meia,Denilson,2.4,3,0,0,0,0,0,0,2,0,0,0,0,0,0,0,0,0,0,0,0,0,Grêmio,1,0
777,Flamengo,Meia,Victor Hugo,1.0,3,0,0,0,0,0,0,0,0,0,0,0,0,0,0,0,2,0,0,0,0,Botafogo,1,0
778,Fortaleza,Meia,Hércules,14.2,3,1,0,0,0,0,0,4,0,0,0,0,1,0,0,1,2,0,1,0,0,Fluminense,1,0
779,Coritiba,Lateral,Jamerson,2.9,3,0,0,0,0,0,0,2,0,0,0,0,0,0,0,0,1,0,0,0,0,São Paulo,1,0
780,Santos,Meia,Daniel Ruiz,-0.3,3,0,0,0,0,0,0,0,0,0,0,0,1,0,0,0,0,0,0,0,0,América-MG,1,0
781,Bragantino,Atacante,Thiago Borbas,1.5,3,0,0,0,0,0,0,0,0,0,1,0,1,0,1,2,0,0,0,0,0,Cruzeiro,1,0
782,Bragantino,Técnico,Pedro Caixinha,1.17,3,0,0,0,0,0,0,0,0,0,0,0,0,0,0,0,0,0,0,0,0,Cruzeiro,1,0
783,Corinthians,Atacante,Giovane,1.2,3,0,0,0,0,0,0,1,0,0,0,0,0,0,0,0,0,0,0,0,0,Palmeiras,0,1
784,Santos,Meia,Ed Carlos,0.0,3,0,0,0,0,0,0,0,0,0,0,0,0,0,0,0,0,0,0,0,0,América-MG,1,0
785,Fluminense,Lateral,Alexsander,-0.6,3,0,0,0,0,0,0,0,0,0,0,0,2,0,0,0,0,0,0,0,0,Fortaleza,0,1
786,Coritiba,Atacante,Kaio César,2.9,3,0,0,0,0,0,0,2,0,0,1,0,3,0,0,0,5,0,1,0,0,São Paulo,1,0
787,Vasco,Atacante,Erick Marcus,1.2,3,0,0,0,0,0,0,0,0,0,0,0,0,0,1,0,0,0,0,0,0,Bahia,1,0
788,Cuiabá,Técnico,Ivo Vieira,3.05,3,0,0,0,0,0,0,0,0,0,0,0,0,0,0,0,0,0,0,0,0,Grêmio,1,0
789,Corinthians,Zagueiro,Murillo,0.0,3,0,0,0,0,0,0,0,0,0,0,0,0,0,0,0,0,0,0,0,0,Palmeiras,0,1
790,Bragantino,Meia,Gustavinho,2.5,3,0,0,0,0,0,0,1,0,0,0,0,0,0,0,1,1,0,0,0,0,Cruzeiro,1,0
791,Internacional,Atacante,Lucca,1.2,3,0,0,0,0,0,0,1,0,0,0,0,0,0,0,0,0,0,0,0,0,Goiás,1,0
792,Fluminense,Meia,Isaac,0.5,3,0,0,0,0,0,0,0,0,0,0,0,0,0,0,0,1,0,0,0,0,Fortaleza,0,1
793,Grêmio,Atacante,Zinho,1.1,3,0,0,0,0,0,0,1,0,0,0,0,0,0,0,0,0,0,1,0,0,Cuiabá,0,1
794,Bahia,Meia,Cauly,4.1,3,0,0,0,0,0,0,1,0,0,0,0,1,0,2,1,0,0,0,0,0,Vasco,0,1
795,Cruzeiro,Técnico,Pepa,11.17,3,0,0,0,0,0,0,0,0,0,0,0,0,0,0,0,0,0,0,0,0,Bragantino,0,1
796,Bragantino,Atacante,Henry Mosquera,-1.0,3,0,0,0,0,0,0,0,0,0,0,0,3,0,0,0,0,0,1,0,0,Cruzeiro,1,0
797,Corinthians,Técnico,Danilo,2.05,3,0,0,0,0,0,0,0,0,0,0,0,0,0,0,0,0,0,0,0,0,Palmeiras,0,1
798,Internacional,Técnico,Mano Menezes,6.67,3,0,0,0,0,0,0,0,0,0,0,0,0,0,0,0,0,0,0,0,0,Goiás,1,0
799,Fluminense,Goleiro,Fábio,9.0,3,0,0,0,0,0,13,0,0,0,0,4,0,0,0,0,0,0,0,0,0,Fortaleza,0,1
800,São Paulo,Lateral,Rafinha,4.1,3,0,0,0,0,0,0,3,0,0,0,0,0,0,0,0,1,0,0,0,0,Coritiba,0,1
801,Athlético-PR,Zagueiro,Thiago Heleno,1.0,3,0,0,0,0,0,0,0,0,0,0,0,0,0,0,0,2,0,0,0,0,Atlético-MG,0,1
802,Atlético-MG,Lateral,Mariano,-0.3,3,0,0,0,0,0,0,0,0,0,0,0,1,0,0,0,0,0,0,0,0,Athlético-PR,1,0
803,Atlético-MG,Atacante,Hulk,18.8,3,2,0,0,0,0,0,0,0,0,0,0,3,0,0,3,3,0,2,0,0,Athlético-PR,1,0
804,América-MG,Técnico,Vagner Mancini,5.36,3,0,0,0,0,0,0,0,0,0,0,0,0,0,0,0,0,0,0,0,0,Santos,0,1
805,São Paulo,Técnico,Dorival Júnior,4.85,3,0,0,0,0,0,0,0,0,0,0,0,0,0,0,0,0,0,0,0,0,Coritiba,0,1
806,Grêmio,Técnico,Renato Gaúcho,5.2,3,0,0,0,0,0,0,0,0,0,0,0,0,0,0,0,0,0,0,0,0,Cuiabá,0,1
807,Corinthians,Goleiro,Cássio,2.0,3,0,0,0,0,0,4,0,0,0,0,2,0,0,0,0,0,0,0,0,0,Palmeiras,0,1
808,Corinthians,Lateral,Fagner,0.0,3,0,0,0,0,0,0,0,0,0,0,0,0,0,0,0,0,0,0,0,0,Palmeiras,0,1
809,Fortaleza,Zagueiro,Titi,1.8,3,0,0,0,0,0,0,0,0,0,0,0,0,0,0,1,2,0,0,0,0,Fluminense,1,0
810,Goiás,Técnico,Emerson Ávila,2.86,3,0,0,0,0,0,0,0,0,0,0,0,0,0,0,0,0,0,0,0,0,Internacional,0,1
811,Goiás,Lateral,Apodi,-0.1,3,0,0,0,0,0,0,0,0,0,0,0,0,0,0,0,0,0,1,0,0,Internacional,0,1
812,Cuiabá,Goleiro,Walter,2.0,3,0,0,0,0,0,4,0,0,0,0,2,0,0,0,0,0,0,0,0,0,Grêmio,1,0
813,Corinthians,Meia,Giuliano,-1.3,3,0,0,0,0,0,0,0,0,0,1,0,1,0,0,0,0,0,0,0,0,Palmeiras,0,1
814,Flamengo,Meia,Everton Ribeiro,5.4,3,0,1,0,0,0,0,0,0,0,0,0,2,0,0,0,2,0,0,0,0,Botafogo,1,0
815,Atlético-MG,Zagueiro,Réver,-1.0,3,0,0,0,0,0,0,0,0,0,1,0,0,0,0,0,0,0,0,0,0,Athlético-PR,1,0
816,Flamengo,Zagueiro,David Luiz,1.6,3,0,0,0,0,0,0,1,0,0,1,0,2,0,1,1,0,0,0,0,0,Botafogo,1,0
817,Vasco,Meia,Alex Teixeira,2.5,3,0,0,0,0,0,0,1,0,0,0,0,2,0,1,1,0,0,1,0,0,Bahia,1,0
818,América-MG,Atacante,Felipe Azevedo,0.0,3,0,0,0,0,0,0,0,0,0,0,0,0,0,0,0,0,0,0,0,0,Santos,0,1
819,Cruzeiro,Atacante,Gilberto,10.6,3,1,0,0,0,0,0,0,0,0,0,0,2,0,0,4,0,0,0,0,0,Bragantino,0,1
820,Fluminense,Atacante,Alan,8.0,3,1,0,0,0,0,0,0,0,0,0,0,0,0,0,0,0,0,0,0,0,Fortaleza,0,1
821,Fluminense,Meia,Ganso,5.0,3,0,1,0,0,0,0,0,0,0,0,0,0,0,0,0,0,0,0,0,0,Fortaleza,0,1
822,Coritiba,Meia,Willian Farias,4.7,3,0,0,0,0,0,0,4,0,0,0,0,2,0,0,0,1,0,0,0,0,São Paulo,1,0
823,Atlético-MG,Meia,Edenílson,5.2,3,0,1,0,0,0,0,0,0,0,0,0,1,0,0,0,1,0,0,0,0,Athlético-PR,1,0
824,Internacional,Meia,Alan Patrick,-0.3,3,0,0,0,0,0,0,0,0,0,1,0,2,0,0,1,1,0,0,0,0,Goiás,1,0
825,Botafogo,Meia,Eduardo,6.9,3,0,1,0,0,0,0,1,0,0,0,0,1,0,0,0,2,0,0,0,0,Flamengo,0,1
826,América-MG,Lateral,Nino Paraíba,2.0,3,0,0,0,0,0,0,1,0,0,0,0,0,0,0,1,0,0,0,0,0,Santos,0,1
827,Cuiabá,Atacante,Wellington Silva,1.7,3,0,0,0,0,0,0,1,0,0,0,0,0,0,0,0,1,0,0,0,0,Grêmio,1,0
828,Goiás,Atacante,Vinicius,5.2,3,0,0,0,0,0,0,3,0,0,0,0,0,0,1,0,1,0,1,0,0,Internacional,0,1
829,Palmeiras,Atacante,Dudu,3.6,3,0,0,0,0,0,0,2,0,0,0,0,1,0,0,0,3,0,0,0,0,Corinthians,1,0
830,Corinthians,Zagueiro,Gil,1.8,3,0,0,0,0,0,0,2,0,0,0,0,2,0,0,0,0,0,0,0,0,Palmeiras,0,1
831,São Paulo,Goleiro,Rafael,2.0,3,0,0,0,0,0,3,0,0,0,0,1,0,0,0,0,0,0,0,0,0,Coritiba,0,1
832,Cruzeiro,Goleiro,Rafael Cabral,11.0,3,0,0,0,1,0,6,0,0,0,0,0,0,0,0,0,0,0,0,0,0,Bragantino,0,1
833,Cruzeiro,Zagueiro,Luciano Castán,6.2,3,0,0,0,1,0,0,1,0,0,1,0,0,0,0,0,2,0,0,0,0,Bragantino,0,1
834,Flamengo,Atacante,Marinho,2.3,3,0,0,0,0,0,0,1,0,0,0,0,0,0,1,0,0,0,1,0,0,Botafogo,1,0
835,Fortaleza,Meia,Lucas Sasha,0.9,3,0,0,0,0,0,0,1,0,0,0,0,1,0,0,0,0,0,0,0,0,Fluminense,1,0
836,Flamengo,Goleiro,Santos,0.0,3,0,0,0,0,0,3,0,0,0,0,3,0,0,0,0,0,0,0,0,0,Botafogo,1,0
837,Fluminense,Zagueiro,Manoel,1.2,3,0,0,0,0,0,0,1,0,0,0,0,0,0,0,0,0,0,0,0,0,Fortaleza,0,1
838,Coritiba,Técnico,Antônio Carlos Zago,5.25,3,0,0,0,0,0,0,0,0,0,0,0,0,0,0,0,0,0,0,0,0,São Paulo,1,0
839,Corinthians,Meia,Paulinho,1.0,3,0,0,0,0,0,0,0,0,0,0,0,1,0,0,1,1,0,0,0,0,Palmeiras,0,1
840,Athlético-PR,Atacante,Pablo,0.0,3,0,0,0,0,0,0,0,0,0,0,0,0,0,0,0,0,0,0,0,0,Atlético-MG,0,1
841,Grêmio,Atacante,Luis Suárez,5.1,3,0,0,1,0,0,0,0,0,0,0,0,1,0,2,0,0,0,0,0,0,Cuiabá,0,1
842,Flamengo,Meia,Vidal,3.7,3,0,0,1,0,0,0,1,0,0,1,0,1,0,0,1,0,0,0,0,0,Botafogo,1,0
843,Cruzeiro,Meia,Nikão,1.2,3,0,0,0,0,0,0,1,0,0,0,0,1,0,0,0,1,0,2,0,0,Bragantino,0,1
844,Botafogo,Lateral,Rafael,-0.4,3,0,0,0,0,0,0,2,0,1,0,0,1,0,0,0,1,0,0,0,0,Flamengo,0,1
845,Grêmio,Lateral,Fábio,6.2,3,0,1,0,0,0,0,1,0,0,0,0,0,0,0,0,0,0,0,0,0,Cuiabá,0,1
846,Grêmio,Zagueiro,Bruno Uvini,0.0,3,0,0,0,0,0,0,0,0,0,0,0,0,0,0,0,0,0,0,0,0,Cuiabá,0,1
847,Bragantino,Atacante,Eduardo Sasha,1.8,3,0,0,0,0,0,0,0,0,0,0,0,0,0,0,1,2,0,0,0,0,Cruzeiro,1,0
848,Coritiba,Goleiro,Gabriel,3.0,3,0,0,0,0,0,5,0,0,0,1,1,0,0,0,0,0,0,0,0,0,São Paulo,1,0
849,Cuiabá,Zagueiro,Marllon,11.6,3,1,0,0,0,0,0,3,0,0,0,0,0,0,0,0,0,0,0,0,0,Grêmio,1,0
850,Flamengo,Técnico,Jorge Sampaoli,5.29,3,0,0,0,0,0,0,0,0,0,0,0,0,0,0,0,0,0,0,0,0,Botafogo,1,0
851,Grêmio,Lateral,Diogo Barbosa,-0.8,3,0,0,0,0,0,0,0,0,0,1,0,1,0,0,0,1,0,0,0,0,Cuiabá,0,1
852,Grêmio,Meia,Vina,9.4,3,1,0,0,0,0,0,1,0,0,0,0,1,0,0,0,1,0,0,0,0,Cuiabá,0,1
853,Fortaleza,Goleiro,Fernando Miguel,-1.0,3,0,0,0,0,0,1,0,0,0,0,2,0,0,0,0,0,0,0,0,0,Fluminense,1,0
854,Palmeiras,Goleiro,Weverton,1.0,3,0,0,0,0,0,2,0,0,0,0,1,0,0,0,0,0,0,0,0,0,Corinthians,1,0
855,Palmeiras,Zagueiro,Gustavo Gómez,1.4,3,0,0,0,0,0,0,1,0,0,0,0,1,0,0,0,1,0,0,0,0,Corinthians,1,0
856,Fortaleza,Atacante,Thiago Galhardo,10.2,3,1,0,0,0,0,0,0,0,0,0,0,0,0,1,0,2,0,0,0,0,Fluminense,1,0
857,América-MG,Zagueiro,Danilo Avelar,5.0,3,0,0,1,0,0,0,0,0,0,0,0,0,0,1,1,0,0,0,0,0,Santos,0,1
858,Atlético-MG,Goleiro,Everson,0.5,3,0,0,0,0,0,2,0,0,0,1,1,0,0,0,0,1,0,0,0,0,Athlético-PR,1,0
859,Fluminense,Técnico,Fernando Diniz,4.2,3,0,0,0,0,0,0,0,0,0,0,0,0,0,0,0,0,0,0,0,0,Fortaleza,0,1
860,Goiás,Lateral,Maguinho,-0.2,3,0,0,0,0,0,0,2,0,1,0,0,3,0,0,1,1,0,0,0,0,Internacional,0,1
861,América-MG,Goleiro,Matheus Cavichioli,0.0,3,0,0,0,0,0,3,0,0,0,0,3,0,0,0,0,0,0,0,0,0,Santos,0,1
862,Internacional,Atacante,Pedro Henrique,2.8,3,0,0,0,0,0,0,0,0,0,0,0,2,0,2,0,2,0,0,0,0,Goiás,1,0
863,Cuiabá,Meia,Ceppelini,2.3,3,0,0,0,0,0,0,1,0,0,0,0,2,0,1,0,1,0,0,0,0,Grêmio,1,0
864,Internacional,Atacante,Luiz Adriano,2.3,3,0,0,0,0,0,0,1,0,0,0,0,0,0,1,0,0,0,1,0,0,Goiás,1,0
865,Internacional,Zagueiro,Mercado,9.3,3,0,0,0,1,0,0,3,0,0,1,0,1,0,1,1,0,0,0,0,0,Goiás,1,0
866,Internacional,Atacante,Jean Dias,0.2,3,0,0,0,0,0,0,0,0,0,0,0,1,0,0,0,1,0,0,0,0,Goiás,1,0
867,Grêmio,Zagueiro,Bruno Alves,0.6,3,0,0,0,0,0,0,0,0,0,1,0,2,0,1,0,2,0,0,0,0,Cuiabá,0,1
868,Goiás,Atacante,Guilherme Marques,0.8,3,0,0,0,0,0,0,0,0,0,0,0,0,0,0,1,0,0,0,0,0,Internacional,0,1
869,América-MG,Atacante,Aloísio,5.9,3,0,1,0,0,0,0,0,0,0,0,0,1,0,0,1,1,0,1,0,0,Santos,0,1
870,Santos,Meia,Alison,0.0,3,0,0,0,0,0,0,0,0,0,0,0,0,0,0,0,0,0,0,0,0,América-MG,1,0
871,Coritiba,Atacante,William Pottker,0.5,3,0,0,0,0,0,0,0,0,0,0,0,0,0,0,0,1,0,0,0,0,São Paulo,1,0
872,Athlético-PR,Lateral,Madson,0.9,3,0,0,0,0,0,0,1,0,0,0,0,1,0,0,0,0,0,0,0,0,Atlético-MG,0,1
873,Bahia,Atacante,Everaldo,-0.3,3,0,0,0,0,0,0,0,0,0,0,0,1,0,0,0,0,0,0,0,0,Vasco,0,1
874,Internacional,Lateral,Renê,6.7,3,0,0,0,1,0,0,1,0,0,0,0,0,0,0,0,1,0,0,0,0,Goiás,1,0
875,Cuiabá,Atacante,Jonathan Cafu,2.7,3,0,0,0,0,0,0,1,0,0,0,0,0,0,0,0,3,0,0,0,0,Grêmio,1,0
876,Cruzeiro,Meia,Ramiro,7.9,3,1,0,0,0,0,0,1,0,0,1,0,1,0,0,0,0,0,0,0,0,Bragantino,0,1
877,Botafogo,Zagueiro,Víctor Cuesta,0.2,3,0,0,0,0,0,0,1,0,0,1,0,0,0,0,0,0,0,0,0,0,Flamengo,0,1
878,Cuiabá,Meia,Filipe Augusto,0.9,3,0,0,0,0,0,0,1,0,0,0,0,1,0,0,0,0,0,0,0,0,Grêmio,1,0
879,Fluminense,Atacante,Cano,0.6,3,0,0,0,0,0,0,1,0,0,0,0,2,0,0,0,0,0,0,0,0,Fortaleza,0,1
880,Grêmio,Meia,Lucas Silva,1.7,3,0,0,0,0,0,0,1,0,0,0,0,0,0,0,0,1,0,0,0,0,Cuiabá,0,1
881,Fortaleza,Meia,Yago Pikachu,1.9,3,0,0,0,0,0,0,0,0,0,0,0,1,0,1,0,2,0,0,0,0,Fluminense,1,0
882,São Paulo,Atacante,Luciano,3.8,3,0,0,0,0,0,0,0,0,0,0,0,1,0,2,1,2,0,1,0,0,Coritiba,0,1
883,Santos,Meia,Lucas Lima,2.8,3,0,0,0,0,0,0,2,0,0,0,0,3,0,0,1,1,0,0,0,0,América-MG,1,0
884,Vasco,Meia,Jair,4.1,3,0,0,0,0,0,0,2,0,0,0,0,1,0,0,0,4,0,0,0,0,Bahia,1,0
885,Palmeiras,Lateral,Mayke,-2.5,3,0,0,0,0,0,0,0,0,0,1,0,5,0,0,0,0,0,0,0,0,Corinthians,1,0
886,São Paulo,Meia,Alisson,5.3,3,0,0,0,0,0,0,2,0,0,0,0,2,0,1,1,3,0,0,0,0,Coritiba,0,1
887,América-MG,Meia,Juninho,-0.3,3,0,0,0,0,0,0,0,0,0,0,0,1,0,0,0,0,0,0,0,0,Santos,0,1
888,Goiás,Goleiro,Tadeu,6.0,3,0,0,0,0,0,7,0,0,0,0,1,0,0,0,0,0,0,0,0,0,Internacional,0,1
889,Palmeiras,Meia,Zé Rafael,8.1,3,0,0,0,0,0,0,4,0,0,0,0,4,0,1,1,5,0,0,0,0,Corinthians,1,0
890,Atlético-MG,Meia,Otávio,1.4,3,0,0,0,0,0,0,1,0,0,0,0,1,0,0,0,1,0,0,0,0,Athlético-PR,1,0
891,Fortaleza,Lateral,Tinga,2.4,3,0,0,0,0,0,0,2,0,0,0,0,0,0,0,0,0,0,0,0,0,Fluminense,1,0
892,Athlético-PR,Técnico,Paulo Turra,2.5,3,0,0,0,0,0,0,0,0,0,0,0,0,0,0,0,0,0,0,0,0,Atlético-MG,0,1
893,São Paulo,Meia,Wellington Rato,2.4,3,0,0,0,0,0,0,0,0,0,0,0,0,0,2,0,0,0,0,0,0,Coritiba,0,1
894,Vasco,Técnico,Maurício Barbieri,3.53,3,0,0,0,0,0,0,0,0,0,0,0,0,0,0,0,0,0,0,0,0,Bahia,1,0
895,Flamengo,Atacante,Gabriel,4.2,3,0,0,0,0,0,0,0,0,0,1,0,0,0,3,2,0,0,0,0,0,Botafogo,1,0
896,Atlético-MG,Meia,Patrick,0.5,3,0,0,0,0,0,0,0,0,0,0,0,0,0,0,0,1,0,0,0,0,Athlético-PR,1,0
897,Flamengo,Zagueiro,Léo Pereira,20.8,3,2,0,0,0,0,0,3,0,0,0,0,1,0,0,0,3,0,0,0,0,Botafogo,1,0
898,Cruzeiro,Zagueiro,Neris,6.1,3,0,0,0,1,0,0,1,0,0,1,0,1,0,1,0,0,0,0,0,0,Bragantino,0,1
899,Botafogo,Atacante,Tiquinho Soares,18.0,3,2,0,0,0,0,0,0,0,0,1,0,4,0,1,2,3,0,1,0,0,Flamengo,0,1
900,Atlético-MG,Zagueiro,Jemerson,1.4,3,0,0,0,0,0,0,1,0,0,0,0,1,0,0,0,1,0,0,0,0,Athlético-PR,1,0
901,Goiás,Zagueiro,Bruno Melo,0.8,3,0,0,0,0,0,0,0,0,0,0,0,0,0,0,1,0,0,0,0,0,Internacional,0,1
902,Fortaleza,Atacante,Romarinho,0.0,3,0,0,0,0,0,0,0,0,0,0,0,0,0,0,0,0,0,0,0,0,Fluminense,1,0
903,Coritiba,Atacante,Robson,-0.3,3,0,0,0,0,0,0,0,0,0,0,0,1,0,0,0,0,0,0,0,0,São Paulo,1,0
904,Bahia,Goleiro,Marcos Felipe,11.5,3,0,0,0,1,0,6,0,0,0,0,0,0,0,0,0,1,0,0,0,0,Vasco,0,1
905,Santos,Goleiro,João Paulo,3.0,3,0,0,0,0,0,5,0,0,0,0,2,0,0,0,0,0,0,0,0,0,América-MG,1,0
906,Athlético-PR,Meia,Alex Santana,-1.2,3,0,0,0,0,0,0,1,0,1,1,0,2,0,1,0,2,0,0,0,0,Atlético-MG,0,1
907,Vasco,Zagueiro,Léo,0.0,3,0,0,0,0,0,0,0,0,0,0,0,0,0,0,0,0,0,0,0,0,Bahia,1,0
908,Atlético-MG,Meia,Hyoran,3.7,3,0,0,0,0,0,0,1,0,0,0,0,1,0,1,2,0,0,0,0,0,Athlético-PR,1,0
909,América-MG,Meia,Alê,14.8,3,1,0,0,0,0,0,5,0,0,1,0,1,0,0,2,1,0,0,0,0,Santos,0,1
910,Goiás,Lateral,Sander,2.4,3,0,0,0,0,0,0,1,0,0,0,0,1,0,0,0,3,0,0,0,0,Internacional,0,1
911,Coritiba,Lateral,Victor Luis,2.4,3,0,0,0,0,0,0,2,0,0,0,0,0,0,0,0,0,0,0,0,0,São Paulo,1,0
912,Fluminense,Atacante,Keno,-0.4,3,0,0,0,0,0,0,1,0,0,1,0,2,0,0,0,0,0,0,0,0,Fortaleza,0,1
913,Botafogo,Meia,Tchê Tchê,5.5,3,0,1,0,0,0,0,1,0,0,0,0,4,0,0,0,1,0,0,0,0,Flamengo,0,1
914,Cruzeiro,Meia,Richard Coelho,5.4,3,0,0,0,0,0,0,3,0,0,0,0,1,0,0,2,1,0,0,0,0,Bragantino,0,1
915,Flamengo,Atacante,Everton,3.6,3,0,0,0,0,0,0,0,0,0,0,0,0,0,2,1,1,0,1,0,0,Botafogo,1,0
916,Botafogo,Meia,Danilo Barbosa,9.4,3,1,0,0,0,0,0,1,0,0,0,0,1,0,0,0,1,0,0,0,0,Flamengo,0,1
917,Coritiba,Atacante,Rodrigo Pinho,4.5,3,0,0,0,0,0,0,2,0,0,0,0,0,0,0,2,1,0,0,0,0,São Paulo,1,0
918,Fortaleza,Meia,José Welison,-0.3,3,0,0,0,0,0,0,0,0,0,0,0,1,0,0,0,0,0,0,0,0,Fluminense,1,0
919,América-MG,Lateral,Marlon,6.0,3,0,1,0,0,0,0,0,0,0,0,0,0,0,0,0,2,0,0,0,0,Santos,0,1
920,Santos,Zagueiro,Eduardo Bauermann,6.4,3,1,0,0,0,0,0,1,0,1,0,0,2,0,0,1,0,0,0,0,0,América-MG,1,0
921,Vasco,Goleiro,Léo Jardim,4.0,3,0,0,0,0,0,5,0,0,0,0,1,0,0,0,0,0,0,0,0,0,Bahia,1,0
922,Grêmio,Meia,Nathan,3.0,3,0,0,0,0,0,0,2,0,0,0,0,2,0,1,0,0,0,0,0,0,Cuiabá,0,1
923,Goiás,Atacante,Matheus Peixoto,0.9,3,0,0,0,0,0,0,0,0,0,0,0,1,0,0,1,1,0,1,0,0,Internacional,0,1
924,Internacional,Meia,Carlos de Pena,7.9,3,1,0,0,0,0,0,0,0,0,1,0,1,0,1,0,0,0,0,0,0,Goiás,1,0
925,Santos,Atacante,Soteldo,7.7,3,0,1,0,0,0,0,0,0,0,0,0,1,0,0,0,6,0,0,0,0,América-MG,1,0
926,Grêmio,Zagueiro,Kannemann,2.5,3,0,0,0,0,0,0,3,0,0,1,0,2,0,0,0,1,0,0,0,0,Cuiabá,0,1
927,Santos,Zagueiro,Messias,2.4,3,0,0,0,0,0,0,2,0,0,0,0,0,0,0,0,0,0,0,0,0,América-MG,1,0
928,Bahia,Meia,Thaciano,9.7,3,1,0,0,0,0,0,0,0,0,0,0,2,0,0,1,3,0,0,0,0,Vasco,0,1
929,Athlético-PR,Meia,Vitor Bueno,8.4,3,0,1,0,0,0,0,1,0,0,0,0,0,0,0,1,3,0,1,0,0,Atlético-MG,0,1
930,Cruzeiro,Meia,Neto Moura,0.8,3,0,0,0,0,0,0,0,0,0,0,0,0,0,0,1,0,0,0,0,0,Bragantino,0,1
931,Bahia,Meia,Yago Felipe,2.1,3,0,0,0,0,0,0,2,0,0,0,0,1,0,0,0,0,0,0,0,0,Vasco,0,1
932,Botafogo,Zagueiro,Philipe Sampaio,0.0,3,0,0,0,0,0,0,0,0,0,0,0,0,0,0,0,0,0,0,0,0,Flamengo,0,1
933,Atlético-MG,Zagueiro,Mauricio Lemos,-0.7,3,0,0,0,0,0,0,0,0,0,1,0,3,0,1,0,0,0,0,0,0,Athlético-PR,1,0
934,Cuiabá,Zagueiro,Alan Empereur,2.5,3,0,0,0,0,0,0,1,0,0,0,0,0,0,0,1,1,0,0,0,0,Grêmio,1,0
935,Botafogo,Técnico,Luís Castro,6.72,3,0,0,0,0,0,0,0,0,0,0,0,0,0,0,0,0,0,0,0,0,Flamengo,0,1
936,Corinthians,Atacante,Ángel Romero,0.2,3,0,0,0,0,0,0,0,0,0,0,0,1,0,0,0,1,0,0,0,0,Palmeiras,0,1
937,Flamengo,Lateral,Ayrton Lucas,2.9,3,0,0,0,0,0,0,1,0,0,0,0,0,0,1,0,1,0,0,0,0,Botafogo,1,0
938,Bragantino,Lateral,Aderlan,-2.1,3,0,0,0,0,0,0,1,0,1,0,0,1,0,0,0,0,0,0,0,0,Cruzeiro,1,0
939,América-MG,Zagueiro,Iago Maidana,0.7,3,0,0,0,0,0,0,1,0,0,1,0,1,0,0,1,0,0,0,0,0,Santos,0,1
940,Cruzeiro,Lateral,William,11.3,3,0,0,0,1,0,0,4,0,0,0,0,1,0,0,1,2,0,0,0,0,Bragantino,0,1
941,Flamengo,Meia,Thiago Maia,1.0,3,0,0,0,0,0,0,2,0,0,1,0,3,0,0,0,1,0,0,0,0,Botafogo,1,0
942,Grêmio,Meia,Cristaldo,1.5,3,0,0,0,0,0,0,0,0,0,0,0,0,0,0,0,3,0,0,0,0,Cuiabá,0,1
943,Santos,Meia,Dodi,1.1,3,0,0,0,0,0,0,2,0,0,1,0,1,0,0,0,0,0,0,0,0,América-MG,1,0
944,Corinthians,Atacante,Róger Guedes,4.7,3,0,0,0,0,0,0,1,0,0,1,0,1,0,0,1,8,0,0,0,0,Palmeiras,0,1
945,Grêmio,Atacante,Everton Galdino,10.4,3,1,0,0,0,0,0,2,0,0,0,0,0,0,0,0,0,0,0,0,0,Cuiabá,0,1
946,Santos,Atacante,Mendoza,20.8,3,1,1,0,0,0,0,4,0,0,0,0,1,0,0,1,3,0,0,0,1,América-MG,1,0
947,Fortaleza,Lateral,Bruno Pacheco,9.3,3,0,1,0,0,0,0,3,0,0,0,0,2,0,0,1,1,0,0,0,0,Fluminense,1,0
948,São Paulo,Lateral,Raí Ramos,2.8,3,0,0,0,0,0,0,1,0,0,0,0,0,0,0,2,0,0,0,0,0,Coritiba,0,1
949,Flamengo,Atacante,Bruno Henrique,1.2,3,0,0,0,0,0,0,1,0,0,0,0,0,0,0,0,0,0,0,0,0,Botafogo,1,0
950,Bahia,Meia,Rezende,0.9,3,0,0,0,0,0,0,1,0,0,0,0,1,0,0,0,0,0,0,0,0,Vasco,0,1
951,Goiás,Atacante,Diego Gonçalves,0.2,3,0,0,0,0,0,0,0,0,0,0,0,1,0,0,0,1,0,0,0,0,Internacional,0,1
952,Flamengo,Zagueiro,Fabrício Bruno,5.9,3,0,1,0,0,0,0,1,0,0,0,0,1,0,0,0,0,0,0,0,0,Botafogo,1,0
953,América-MG,Atacante,Everaldo,13.6,3,1,0,0,0,0,0,3,0,0,1,0,0,0,0,0,6,0,0,0,0,Santos,0,1
954,Cuiabá,Lateral,PK,-4.2,3,0,0,0,0,0,0,0,0,1,0,0,4,0,0,0,0,0,0,0,0,Grêmio,1,0
955,América-MG,Zagueiro,Éder,-0.4,3,0,0,0,0,0,0,1,0,0,1,0,2,0,0,0,0,0,0,0,0,Santos,0,1
956,Botafogo,Goleiro,Lucas Perri,9.0,3,0,0,0,0,0,11,0,0,0,0,2,0,0,0,0,0,0,0,0,0,Flamengo,0,1
957,Palmeiras,Atacante,Rony,0.0,3,0,0,0,0,0,0,0,0,0,0,0,0,0,0,0,0,0,0,0,0,Corinthians,1,0
958,Botafogo,Zagueiro,Adryelson,1.2,3,0,0,0,0,0,0,1,0,0,0,0,0,0,0,0,0,0,0,0,0,Flamengo,0,1
959,Cruzeiro,Meia,Matheus Jussa,0.0,3,0,0,0,0,0,0,0,0,0,0,0,0,0,0,0,0,0,0,0,0,Bragantino,0,1
960,Cruzeiro,Lateral,Marlon,16.0,3,0,0,0,1,0,0,9,0,0,0,0,1,0,0,0,1,0,0,0,0,Bragantino,0,1
961,Fluminense,Zagueiro,Nino,-0.3,3,0,0,0,0,0,0,0,0,0,0,0,1,0,0,0,0,0,0,0,0,Fortaleza,0,1
962,Bahia,Zagueiro,David Duarte,6.0,3,0,0,0,1,0,0,0,0,0,0,0,0,0,0,0,2,0,0,0,0,Vasco,0,1
963,Athlético-PR,Zagueiro,Zé Ivaldo,-0.6,3,0,0,0,0,0,0,0,0,0,0,0,2,0,0,0,0,0,0,0,0,Atlético-MG,0,1
964,Atlético-MG,Atacante,Pavón,2.1,3,0,0,0,0,0,0,2,0,0,0,0,1,0,0,0,0,0,0,0,0,Athlético-PR,1,0
965,Santos,Técnico,Odair Hellmann,6.54,3,0,0,0,0,0,0,0,0,0,0,0,0,0,0,0,0,0,0,0,0,América-MG,1,0
966,Coritiba,Zagueiro,Bruno Viana,3.6,3,0,0,0,0,0,0,3,0,0,0,0,0,0,0,0,0,0,0,0,0,São Paulo,1,0
967,Cuiabá,Atacante,Deyverson,3.7,3,0,0,1,0,0,0,0,0,0,1,0,3,0,1,0,3,0,1,0,0,Grêmio,1,0
968,Cruzeiro,Atacante,Bruno Rodrigues,13.4,3,1,0,0,0,0,0,1,0,0,0,0,0,0,1,2,3,0,1,0,0,Bragantino,0,1
969,Cruzeiro,Meia,Mateus Vital,7.7,3,0,1,0,0,0,0,1,0,0,0,0,0,0,0,0,3,0,0,0,0,Bragantino,0,1
970,América-MG,Meia,Benítez,1.6,3,0,0,0,0,0,0,1,0,0,0,0,2,0,0,0,2,0,0,0,0,Santos,0,1
971,Santos,Lateral,Gabriel Inocêncio,1.5,3,0,0,0,0,0,0,1,0,0,0,0,3,0,1,0,0,0,0,0,0,América-MG,1,0
972,Coritiba,Meia,Andrey,0.0,3,0,0,0,0,0,0,0,0,0,0,0,0,0,0,0,0,0,0,0,0,São Paulo,1,0
973,Botafogo,Meia,Marlon Freitas,0.0,3,0,0,0,0,0,0,0,0,0,0,0,0,0,0,0,0,0,0,0,0,Flamengo,0,1
974,Bragantino,Goleiro,Cleiton,-3.0,3,0,0,0,0,0,0,0,0,1,0,0,0,0,0,0,0,0,0,0,0,Cruzeiro,1,0
975,América-MG,Meia,Matheusinho,4.2,3,0,0,0,0,0,0,0,0,0,0,0,0,0,2,1,2,0,0,0,0,Santos,0,1
976,Internacional,Goleiro,John Victor,7.0,3,0,0,0,1,0,2,0,0,0,0,0,0,0,0,0,0,0,0,0,0,Goiás,1,0
977,Bragantino,Meia,Matheus Fernandes,5.3,3,0,0,0,0,0,0,4,0,0,0,0,0,0,0,0,1,0,0,0,0,Cruzeiro,1,0
978,Corinthians,Meia,Maycon,1.1,3,0,0,0,0,0,0,1,0,0,0,0,0,0,0,0,0,0,1,0,0,Palmeiras,0,1
979,Fortaleza,Atacante,Guilherme,4.1,3,0,0,0,0,0,0,0,0,0,0,0,1,0,3,1,0,0,0,0,0,Fluminense,1,0
980,Palmeiras,Meia,Raphael Veiga,15.1,3,1,1,0,0,0,0,0,0,0,0,0,2,0,1,0,3,0,0,0,0,Corinthians,1,0
981,Flamengo,Atacante,Pedro,3.6,3,0,0,0,0,0,0,1,0,0,0,0,0,0,2,0,0,0,0,0,0,Botafogo,1,0
982,Atlético-MG,Meia,Battaglia,0.9,3,0,0,0,0,0,0,1,0,0,0,0,1,0,0,0,0,0,0,0,0,Athlético-PR,1,0
983,Atlético-MG,Técnico,Eduardo Coudet,5.25,3,0,0,0,0,0,0,0,0,0,0,0,0,0,0,0,0,0,0,0,0,Athlético-PR,1,0
984,Bragantino,Lateral,Juninho Capixaba,1.6,3,0,0,0,0,0,0,0,0,0,0,0,2,0,1,0,2,0,0,0,0,Cruzeiro,1,0
985,Cuiabá,Meia,Raniele,-0.4,3,0,0,0,0,0,0,0,0,0,1,0,2,0,1,0,0,0,0,0,0,Grêmio,1,0
986,Palmeiras,Atacante,Artur,6.2,3,0,0,0,0,0,0,4,0,0,0,0,2,0,1,1,0,0,0,0,0,Corinthians,1,0
987,Cruzeiro,Meia,Machado,5.5,3,0,1,0,0,0,0,0,0,0,0,0,0,0,0,0,1,0,0,0,0,Bragantino,0,1
988,Fluminense,Meia,Lima,3.1,3,0,0,0,0,0,0,2,0,0,0,0,3,0,0,2,0,0,0,0,0,Fortaleza,0,1
989,Internacional,Lateral,Bustos,7.1,3,0,0,0,1,0,0,1,0,0,0,0,1,0,1,0,0,0,0,0,0,Goiás,1,0
990,Atlético-MG,Lateral,Saravia,4.3,3,0,0,0,0,0,0,3,0,0,0,0,1,0,0,0,2,0,0,0,0,Athlético-PR,1,0
991,Botafogo,Lateral,Marçal,2.2,3,0,0,0,0,0,0,1,0,0,0,0,0,0,0,0,2,0,0,0,0,Flamengo,0,1
992,Palmeiras,Zagueiro,Murilo,10.6,3,1,0,0,0,0,0,2,0,0,0,0,1,0,0,0,1,0,0,0,0,Corinthians,1,0
993,Cruzeiro,Zagueiro,Reynaldo,5.0,3,0,0,0,1,0,0,0,0,0,0,0,0,0,0,0,0,0,0,0,0,Bragantino,0,1
994,Bahia,Lateral,Matheus Bahia,4.9,3,0,0,0,1,0,0,1,0,0,1,0,1,0,0,0,0,0,0,0,0,Vasco,0,1
995,Internacional,Zagueiro,Vitão,7.4,3,0,0,0,1,0,0,1,0,0,0,0,0,0,1,0,0,0,0,0,0,Goiás,1,0
996,Athlético-PR,Meia,Erick,0.6,3,0,0,0,0,0,0,1,0,0,0,0,2,0,0,0,0,0,0,0,0,Atlético-MG,0,1
997,Internacional,Atacante,Alemão,-1.9,3,0,0,0,0,0,0,0,0,0,1,0,3,0,0,0,0,0,0,0,0,Goiás,1,0
998,Vasco,Atacante,Pedro Raul,1.3,3,0,0,0,0,0,0,0,0,0,0,0,2,0,1,1,0,0,1,0,0,Bahia,1,0
999,Bahia,Zagueiro,Kanu,5.9,3,0,0,0,1,0,0,1,0,0,0,0,1,0,0,0,0,0,0,0,0,Vasco,0,1
1000,Botafogo,Lateral,Di Placido,3.6,3,0,0,0,0,0,0,3,0,0,0,0,0,0,0,0,0,0,0,0,0,Flamengo,0,1
1001,Coritiba,Zagueiro,Kuscevic,0.9,3,0,0,0,0,0,0,1,0,0,1,0,2,0,0,1,1,0,0,0,0,São Paulo,1,0
1002,Vasco,Meia,Carabajal,1.6,3,0,0,0,0,0,0,1,0,0,0,0,3,0,0,1,1,0,0,0,0,Bahia,1,0
1003,São Paulo,Meia,Gabriel,1.2,3,0,0,0,0,0,0,1,0,0,0,0,0,0,0,0,0,0,0,0,0,Coritiba,0,1
1004,Vasco,Lateral,Puma Rodríguez,4.8,3,0,0,0,0,0,0,3,0,0,0,0,0,0,0,1,1,0,1,0,0,Bahia,1,0
1005,Santos,Meia,Rodrigo Fernández,2.2,3,0,0,0,0,0,0,2,0,0,1,0,3,0,1,0,1,0,0,0,0,América-MG,1,0
1006,Fortaleza,Meia,Pochettino,2.9,3,0,0,0,0,0,0,1,0,0,0,0,0,0,1,0,1,0,0,0,0,Fluminense,1,0
1007,Goiás,Meia,Morelli,0.4,3,0,0,0,0,0,0,0,0,0,0,0,1,0,0,1,0,0,1,0,0,Internacional,0,1
1008,Fluminense,Meia,Arias,1.9,3,0,0,0,0,0,0,0,0,0,0,0,0,0,0,0,4,0,1,0,0,Fortaleza,0,1
1009,Atlético-MG,Atacante,Paulinho,6.1,3,0,0,0,0,0,0,2,0,0,0,0,0,0,2,1,1,0,0,0,0,Athlético-PR,1,0
